Ticket ID,Created at,Subject,Description,Requester role,Organization ID
1001,2026-09-11 03:09:52,Dashboard totals are wrong,"Hi, I'm Jane from Acme. Please email me at jane@acme.com or call +1 (415) 555-0100 about the ""Revenue"" dashboard. Our totals are 8% lower than Salesforce, and my CFO noticed.",Executive,ACC-004
1002,2026-08-23 17:39:15,Invoice higher than expected,"Hi team, Finance wants a way to set a spending cap before the renewal conversation. Please send a breakdown of the query volume by team. Our invoice this month was 18% higher than last month, and nobody on our side changed anything. Please advise.",Admin,ACC-056
1003,2026-07-22 12:40:26,PNG export is blurry,"Hi team, I rebuild the same 4 charts in PowerPoint every month for the board deck. The PNG export is blurry on a projector, so we take screenshots instead. When I export a chart to slides, the colors reset and the axis labels overlap.",Admin,ACC-046
1004,2026-09-04 20:04:45,Access control request,"Hi there. Can admins create groups and share a folder with a group instead of with each person? Our procurement team said this is a deal breaker for the renewal. We need to restrict the Revenue dashboard to the finance team only. Right now anyone in the workspace can see salary data, which our security review flagged. Any update would help.",End user,
1005,2026-09-16 18:16:36,Enable SAML for our workspace,"Hello, Is there documentation for the SAML attributes you expect? Rolling out to 177 new seats is on hold until SSO works. We want to enable SSO with Okta, but the settings page says to contact support. Please advise.

Steps to reproduce:
1. Open the Revenue dashboard.
2. Set the range to ""Last 30 days"".
3. Compare the total with the source system.",Buyer,ACC-036
1006,2026-07-05 00:09:02,Restrict dashboards by team,"Quick question. Can admins create groups and share a folder with a group instead of with each person? Our procurement team said this is a deal breaker for the renewal. Right now anyone in the workspace can see salary data, which our security review flagged. Please advise.",Executive,ACC-001
1007,2026-09-13 23:59:18,Restrict dashboards by team,"Hi there. Our procurement team said this is a deal breaker for the renewal. Right now anyone in the workspace can see salary data, which our security review flagged. Can admins create groups and share a folder with a group instead of with each person? Thanks in advance.",Buyer,ACC-041
1008,2026-08-05 03:36:30,Stale data on the home dashboard,"Hi there. A simple ""last updated"" timestamp on each chart would save us a lot of back and forth. I can't tell when the Revenue dashboard last refreshed, so I don't know if it includes today's orders. Our execs asked twice this week whether the data was current. We tried paying the overage with card 4111 1111 1111 1111, and it was declined. Thanks in advance.",End user,ACC-043
1009,2026-06-07 21:39:37,Usage bill question,"Quick question. Our invoice this month was 14% higher than last month, and nobody on our side changed anything. Please send a breakdown of the query volume by team.",End user,
1010,2026-09-10 21:42:36,Dashboard totals are wrong,"Quick question. We filtered both systems to the same date range, and the totals still differ. The revenue total on our Revenue dashboard is about 3% lower than what Salesforce shows for the same period. Please advise.",End user,
1011,2026-08-23 20:30:13,Unexpected overage charge,"Hi team, I cannot find a usage breakdown that explains the overage. Our invoice this month was 14% higher than last month, and nobody on our side changed anything. Please send a breakdown of the query volume by team. Finance wants a way to set a spending cap before the renewal conversation.",End user,ACC-016
1012,2026-07-03 10:39:01,Sync status unclear,"Following up on last week. Our execs asked twice this week whether the data was current. I can't tell when the Marketing Funnel dashboard last refreshed, so I don't know if it includes today's orders. Please advise.",End user,ACC-044
1013,2026-09-10 23:10:55,Mapping not saved,"Quick question. Every time we import the weekly export, we have to map all 22 columns again. Our ops lead spends about 54 minutes per upload just clicking through the mapping screen. The mapping from last week is gone, even though the file has exactly the same headers. Could the app remember the mapping for a file with the same columns? Thanks!",End user,ACC-025
1014,2026-06-07 07:56:59,Numbers don't match Salesforce,"Hello, I have to screenshot the source system next to yours in every exec review to prove the figure is right. Is there a way to see which rows make up a total, so we can reconcile it ourselves? The revenue total on our Weekly KPIs dashboard is about 8% lower than what Salesforce shows for the same period. Our finance team caught the mismatch during the monthly close, and now they do not trust any of the numbers. Thanks!

Steps to reproduce:
1. Open the Weekly KPIs dashboard.
2. Set the range to ""Last 30 days"".
3. Compare the total with the source system.",End user,ACC-010
1015,2026-09-03 21:34:17,Stale data on the home dashboard,"Hi team, A simple ""last updated"" timestamp on each chart would save us a lot of back and forth. Yesterday the numbers looked stale for a few hours, and nobody knew whether the sync was still running. Thanks!",End user,ACC-012
1016,2026-06-12 05:44:19,Enable SAML for our workspace,"Hi there. Is there documentation for the SAML attributes you expect? Our IT team expected to configure SAML themselves, the same way they do for other tools. Rolling out to 227 new seats is on hold until SSO works. We want to enable SSO with Okta, but the settings page says to contact support.",Admin,ACC-021
1017,2026-06-16 12:08:00,When was this data refreshed?,"A simple ""last updated"" timestamp on each chart would save us a lot of back and forth. Yesterday the numbers looked stale for a few hours, and nobody knew whether the sync was still running. Our execs asked twice this week whether the data was current.",End user,ACC-006
1018,2026-06-08 03:16:13,Mapping not saved,"Following up on last week. Could the app remember the mapping for a file with the same columns? Our ops lead spends about 25 minutes per upload just clicking through the mapping screen. The mapping from last week is gone, even though the file has exactly the same headers. Thanks!",End user,
1019,2026-09-14 02:37:53,Access control request,"Hi team, Our procurement team said this is a deal breaker for the renewal. Right now anyone in the workspace can see salary data, which our security review flagged. We need to restrict the Churn dashboard to the finance team only. Any update would help.",Executive,ACC-009
1020,2026-07-25 05:39:11,Enable SAML for our workspace,"We want to enable SSO with Okta, but the settings page says to contact support. Is there documentation for the SAML attributes you expect? Rolling out to 169 new seats is on hold until SSO works. Thanks in advance.",End user,ACC-058
1021,2026-09-11 00:37:47,Unexpected overage charge,"Finance wants a way to set a spending cap before the renewal conversation. Our invoice this month was 17% higher than last month, and nobody on our side changed anything. Please advise.",End user,ACC-058
1022,2026-06-22 06:02:42,Export to PowerPoint loses formatting,"Quick question. I rebuild the same 4 charts in PowerPoint every month for the board deck. An SVG or high-resolution export would fix most of this. When I export a chart to slides, the colors reset and the axis labels overlap. The PNG export is blurry on a projector, so we take screenshots instead.",End user,ACC-023
1023,2026-09-11 01:29:07,Access control request,"Hello, We need to restrict the Weekly KPIs dashboard to the finance team only. Our procurement team said this is a deal breaker for the renewal. Right now anyone in the workspace can see salary data, which our security review flagged. Thanks in advance.

Steps to reproduce:
1. Open the Revenue dashboard.
2. Set the range to ""Last 30 days"".
3. Compare the total with the source system.",End user,ACC-023
1024,2026-06-17 18:38:46,Export to PowerPoint loses formatting,"Following up on last week. When I export a chart to slides, the colors reset and the axis labels overlap. The PNG export is blurry on a projector, so we take screenshots instead.",Admin,ACC-051
1025,2026-06-25 11:13:53,Usage bill question,I cannot find a usage breakdown that explains the overage. Finance wants a way to set a spending cap before the renewal conversation. Please advise.,Admin,ACC-051
1026,2026-07-10 11:26:39,When was this data refreshed?,"Hi there. Yesterday the numbers looked stale for a few hours, and nobody knew whether the sync was still running. Our execs asked twice this week whether the data was current. I can't tell when the Marketing Funnel dashboard last refreshed, so I don't know if it includes today's orders.",Admin,
1027,2026-06-28 19:03:46,SSO setup,"Our IT team expected to configure SAML themselves, the same way they do for other tools. We want to enable SSO with Okta, but the settings page says to contact support. Is there documentation for the SAML attributes you expect? Rolling out to 255 new seats is on hold until SSO works. Thanks in advance.",End user,ACC-019
1028,2026-09-17 07:49:21,Numbers don't match Salesforce,"Hello, We filtered both systems to the same date range, and the totals still differ. The revenue total on our Marketing Funnel dashboard is about 3% lower than what Salesforce shows for the same period. Our finance team caught the mismatch during the monthly close, and now they do not trust any of the numbers. I have to screenshot the source system next to yours in every exec review to prove the figure is right.",Admin,ACC-054
1029,2026-06-30 20:29:23,SSO setup,"Hello, Rolling out to 229 new seats is on hold until SSO works. Our IT team expected to configure SAML themselves, the same way they do for other tools. We want to enable SSO with Okta, but the settings page says to contact support. Any update would help.",Executive,ACC-023
1030,2026-06-04 04:05:46,Upload rejected with no reason,"Hi team, If a row is malformed, please tell us which one, instead of silently dropping it. This blocks our weekly reporting, because the numbers are incomplete until someone notices. The importer says ""Upload complete"", but half of the rows are missing from the table. We had to split the file into smaller chunks by hand, which took most of the afternoon. Please advise.",Executive,ACC-051
1031,2026-07-20 22:06:41,Upload rejected with no reason,"Hi there. We had to split the file into smaller chunks by hand, which took most of the afternoon. The importer says ""Upload complete"", but half of the rows are missing from the table. This blocks our weekly reporting, because the numbers are incomplete until someone notices. Please advise.",End user,ACC-019
1032,2026-08-20 12:09:51,Access control request,"Quick question. Right now anyone in the workspace can see salary data, which our security review flagged. We need to restrict the Marketing Funnel dashboard to the finance team only. Can admins create groups and share a folder with a group instead of with each person? Please advise.

Steps to reproduce:
1. Open the Executive Summary dashboard.
2. Set the range to ""Last 30 days"".
3. Compare the total with the source system.",Executive,ACC-029
1033,2026-09-20 07:43:52,Invoice higher than expected,"Hello, Finance wants a way to set a spending cap before the renewal conversation. Please send a breakdown of the query volume by team. I cannot find a usage breakdown that explains the overage. Our invoice this month was 15% higher than last month, and nobody on our side changed anything. Thanks in advance.",Executive,ACC-028
1034,2026-08-16 01:53:32,When was this data refreshed?,"Hi team, Our execs asked twice this week whether the data was current. I can't tell when the Pipeline dashboard last refreshed, so I don't know if it includes today's orders. Yesterday the numbers looked stale for a few hours, and nobody knew whether the sync was still running. A simple ""last updated"" timestamp on each chart would save us a lot of back and forth. Please advise.",Admin,ACC-047
1035,2026-07-05 04:41:53,Mapping not saved,"Following up on last week. Could the app remember the mapping for a file with the same columns? Every time we import the weekly export, we have to map all 14 columns again. Our ops lead spends about 13 minutes per upload just clicking through the mapping screen. The mapping from last week is gone, even though the file has exactly the same headers. Thanks!",End user,ACC-039
1036,2026-09-09 01:12:21,Enable SAML for our workspace,"Our IT team expected to configure SAML themselves, the same way they do for other tools. We want to enable SSO with Okta, but the settings page says to contact support. Is there documentation for the SAML attributes you expect? Please advise.",Admin,ACC-004
1037,2026-06-17 11:32:48,Invoice higher than expected,Quick question. Finance wants a way to set a spending cap before the renewal conversation. Please send a breakdown of the query volume by team. Any update would help.,Admin,ACC-035
1038,2026-09-07 13:53:11,Dashboard totals are wrong,"Quick question. The revenue total on our Weekly KPIs dashboard is about 4% lower than what Salesforce shows for the same period. Is there a way to see which rows make up a total, so we can reconcile it ourselves? Our finance team caught the mismatch during the monthly close, and now they do not trust any of the numbers. We filtered both systems to the same date range, and the totals still differ. Any update would help.",Admin,ACC-021
1039,2026-09-04 17:16:44,CSV import failed,"Hi there. We had to split the file into smaller chunks by hand, which took most of the afternoon. This blocks our weekly reporting, because the numbers are incomplete until someone notices. The importer says ""Upload complete"", but half of the rows are missing from the table.",Buyer,
1040,2026-09-11 11:29:29,Mapping not saved,"The mapping from last week is gone, even though the file has exactly the same headers. Every time we import the weekly export, we have to map all 9 columns again. Our ops lead spends about 49 minutes per upload just clicking through the mapping screen. Any update would help.",Buyer,ACC-043
1041,2026-06-24 22:25:36,Need team-level permissions,"Hi team, Can admins create groups and share a folder with a group instead of with each person? Our procurement team said this is a deal breaker for the renewal. Right now anyone in the workspace can see salary data, which our security review flagged. We need to restrict the Revenue dashboard to the finance team only. Any update would help.

Steps to reproduce:
1. Open the Marketing Funnel dashboard.
2. Set the range to ""Last 30 days"".
3. Compare the total with the source system.",End user,ACC-018
1042,2026-06-04 00:13:22,Restrict dashboards by team,"Hi team, Right now anyone in the workspace can see salary data, which our security review flagged. Our procurement team said this is a deal breaker for the renewal. We need to restrict the Revenue dashboard to the finance team only.",Buyer,ACC-021
1043,2026-09-13 18:52:27,Stale data on the home dashboard,"Our execs asked twice this week whether the data was current. A simple ""last updated"" timestamp on each chart would save us a lot of back and forth. Yesterday the numbers looked stale for a few hours, and nobody knew whether the sync was still running. Please advise.",Buyer,ACC-029
1044,2026-06-12 15:32:54,Need team-level permissions,"Hi team, Our procurement team said this is a deal breaker for the renewal. Right now anyone in the workspace can see salary data, which our security review flagged. Thanks in advance.",End user,ACC-050
1045,2026-07-26 15:55:00,Export to PowerPoint loses formatting,"When I export a chart to slides, the colors reset and the axis labels overlap. An SVG or high-resolution export would fix most of this.",End user,ACC-023
1046,2026-08-31 10:01:59,SSO setup,"Following up on last week. Our IT team expected to configure SAML themselves, the same way they do for other tools. Is there documentation for the SAML attributes you expect? We want to enable SSO with Okta, but the settings page says to contact support. Any update would help.",End user,ACC-057
1047,2026-07-24 07:31:53,Charts break in slides,"Hello, When I export a chart to slides, the colors reset and the axis labels overlap. The PNG export is blurry on a projector, so we take screenshots instead.",Executive,ACC-028
1048,2026-06-06 21:38:47,Revenue chart off by a few percent,The revenue total on our Revenue dashboard is about 18% lower than what Salesforce shows for the same period. I have to screenshot the source system next to yours in every exec review to prove the figure is right.,End user,ACC-010
1049,2026-08-02 07:52:22,Usage bill question,"Hi there. Please send a breakdown of the query volume by team. Our invoice this month was 12% higher than last month, and nobody on our side changed anything. I cannot find a usage breakdown that explains the overage. Finance wants a way to set a spending cap before the renewal conversation. Loop in our billing contact, billing@northwind-analytics.com, on the reply. Any update would help.",Admin,ACC-029
1050,2026-09-18 11:52:07,Have to remap columns every time,"Hi team, Our ops lead spends about 55 minutes per upload just clicking through the mapping screen. The mapping from last week is gone, even though the file has exactly the same headers. Could the app remember the mapping for a file with the same columns? Every time we import the weekly export, we have to map all 16 columns again.

Steps to reproduce:
1. Open the Churn dashboard.
2. Set the range to ""Last 30 days"".
3. Compare the total with the source system.",Admin,ACC-006
1051,2026-07-21 14:31:37,Okta integration help,"Hi there. We want to enable SSO with Okta, but the settings page says to contact support. Rolling out to 374 new seats is on hold until SSO works. Please advise.",Buyer,ACC-011
1052,2026-07-28 10:49:46,Okta integration help,"We want to enable SSO with Okta, but the settings page says to contact support. Is there documentation for the SAML attributes you expect? Our IT team expected to configure SAML themselves, the same way they do for other tools. Rolling out to 73 new seats is on hold until SSO works. Any update would help.",Executive,ACC-047
1053,2026-06-19 20:03:02,Restrict dashboards by team,"Following up on last week. We need to restrict the Pipeline dashboard to the finance team only. Can admins create groups and share a folder with a group instead of with each person? Right now anyone in the workspace can see salary data, which our security review flagged. Our procurement team said this is a deal breaker for the renewal. Thanks in advance.",Admin,
1054,2026-06-16 03:51:10,Unexpected overage charge,"I cannot find a usage breakdown that explains the overage. Our invoice this month was 8% higher than last month, and nobody on our side changed anything. Please send a breakdown of the query volume by team. Finance wants a way to set a spending cap before the renewal conversation. Thanks!",Buyer,ACC-040
1055,2026-06-24 19:41:38,Enable SAML for our workspace,"Hi there. Our IT team expected to configure SAML themselves, the same way they do for other tools. Is there documentation for the SAML attributes you expect? Rolling out to 190 new seats is on hold until SSO works. Please advise.",Admin,ACC-040
1056,2026-06-16 20:34:51,Mapping not saved,"Hi team, Could the app remember the mapping for a file with the same columns? Every time we import the weekly export, we have to map all 25 columns again. The mapping from last week is gone, even though the file has exactly the same headers. Thanks!",End user,ACC-058
1057,2026-07-14 13:48:02,Unexpected overage charge,"Quick question. Our invoice this month was 20% higher than last month, and nobody on our side changed anything. Finance wants a way to set a spending cap before the renewal conversation. I cannot find a usage breakdown that explains the overage. Please send a breakdown of the query volume by team.",End user,ACC-053
1058,2026-06-26 08:13:53,Unexpected overage charge,"Following up on last week. Our invoice this month was 6% higher than last month, and nobody on our side changed anything. Please send a breakdown of the query volume by team. Any update would help.",End user,ACC-026
1059,2026-06-04 10:37:33,Sync status unclear,"Yesterday the numbers looked stale for a few hours, and nobody knew whether the sync was still running. I can't tell when the Weekly KPIs dashboard last refreshed, so I don't know if it includes today's orders. Thanks!

Steps to reproduce:
1. Open the Executive Summary dashboard.
2. Set the range to ""Last 30 days"".
3. Compare the total with the source system.",End user,ACC-016
1060,2026-07-10 18:14:44,Export to PowerPoint loses formatting,"Hello, An SVG or high-resolution export would fix most of this. I rebuild the same 10 charts in PowerPoint every month for the board deck. When I export a chart to slides, the colors reset and the axis labels overlap. The PNG export is blurry on a projector, so we take screenshots instead. Please advise.",Admin,ACC-027
1061,2026-09-16 17:45:50,Mapping not saved,"Following up on last week. Every time we import the weekly export, we have to map all 11 columns again. Could the app remember the mapping for a file with the same columns? The mapping from last week is gone, even though the file has exactly the same headers. Our ops lead spends about 51 minutes per upload just clicking through the mapping screen. Please advise.",Admin,ACC-018
1062,2026-09-20 06:20:08,Have to remap columns every time,"Hi there. Our ops lead spends about 29 minutes per upload just clicking through the mapping screen. The mapping from last week is gone, even though the file has exactly the same headers. Every time we import the weekly export, we have to map all 12 columns again. Thanks in advance.",Admin,ACC-048
1063,2026-07-13 23:11:18,CSV import failed,"Hello, I uploaded a CSV with 4700 rows and only part of it came through, with no error message. This blocks our weekly reporting, because the numbers are incomplete until someone notices. We had to split the file into smaller chunks by hand, which took most of the afternoon. Thanks!",End user,ACC-034
1064,2026-06-09 16:55:08,Import stuck at 0%,"Hi there. The importer says ""Upload complete"", but half of the rows are missing from the table. This blocks our weekly reporting, because the numbers are incomplete until someone notices. If a row is malformed, please tell us which one, instead of silently dropping it.",End user,ACC-058
1065,2026-07-12 22:40:16,Unexpected overage charge,"Hi there. Our invoice this month was 6% higher than last month, and nobody on our side changed anything. I cannot find a usage breakdown that explains the overage. Please send a breakdown of the query volume by team. Finance wants a way to set a spending cap before the renewal conversation. Please advise.",Admin,ACC-021
1066,2026-07-23 07:42:36,Upload rejected with no reason,"Following up on last week. I uploaded a CSV with 9500 rows and only part of it came through, with no error message. This blocks our weekly reporting, because the numbers are incomplete until someone notices. If a row is malformed, please tell us which one, instead of silently dropping it. We had to split the file into smaller chunks by hand, which took most of the afternoon.",End user,ACC-015
1067,2026-07-07 11:58:18,Import stuck at 0%,"Following up on last week. The importer says ""Upload complete"", but half of the rows are missing from the table. We had to split the file into smaller chunks by hand, which took most of the afternoon. Thanks!",End user,ACC-021
1068,2026-08-15 13:23:27,Upload rejected with no reason,"If a row is malformed, please tell us which one, instead of silently dropping it. I uploaded a CSV with 2000 rows and only part of it came through, with no error message.

Steps to reproduce:
1. Open the Executive Summary dashboard.
2. Set the range to ""Last 30 days"".
3. Compare the total with the source system.",Buyer,ACC-042
1069,2026-07-28 10:28:38,Sync status unclear,"Hi there. Yesterday the numbers looked stale for a few hours, and nobody knew whether the sync was still running. I can't tell when the Weekly KPIs dashboard last refreshed, so I don't know if it includes today's orders. Our execs asked twice this week whether the data was current. Please advise.",End user,ACC-011
1070,2026-06-19 14:28:45,PNG export is blurry,"Following up on last week. When I export a chart to slides, the colors reset and the axis labels overlap. An SVG or high-resolution export would fix most of this. Any update would help.",Admin,ACC-058
1071,2026-06-23 16:33:53,Export to PowerPoint loses formatting,"The PNG export is blurry on a projector, so we take screenshots instead. I rebuild the same 13 charts in PowerPoint every month for the board deck. An SVG or high-resolution export would fix most of this. When I export a chart to slides, the colors reset and the axis labels overlap. Please advise.",Admin,
1072,2026-07-28 02:32:11,CSV import failed,"We had to split the file into smaller chunks by hand, which took most of the afternoon. If a row is malformed, please tell us which one, instead of silently dropping it. This blocks our weekly reporting, because the numbers are incomplete until someone notices. I uploaded a CSV with 1500 rows and only part of it came through, with no error message. Any update would help.",Executive,ACC-036
1073,2026-06-05 13:06:21,Enable SAML for our workspace,"Hello, Our IT team expected to configure SAML themselves, the same way they do for other tools. Rolling out to 171 new seats is on hold until SSO works. Any update would help.",Buyer,ACC-031
1074,2026-07-29 21:54:29,Need team-level permissions,"Following up on last week. Right now anyone in the workspace can see salary data, which our security review flagged. We need to restrict the Pipeline dashboard to the finance team only. Our procurement team said this is a deal breaker for the renewal.",Admin,ACC-054
1075,2026-08-01 13:14:42,Mapping not saved,"Every time we import the weekly export, we have to map all 16 columns again. The mapping from last week is gone, even though the file has exactly the same headers. Thanks!",Buyer,ACC-013
1076,2026-09-04 07:30:50,Restrict dashboards by team,"Our procurement team said this is a deal breaker for the renewal. Right now anyone in the workspace can see salary data, which our security review flagged. Thanks in advance.",Executive,ACC-002
1077,2026-09-18 16:20:14,Charts break in slides,"I rebuild the same 13 charts in PowerPoint every month for the board deck. The PNG export is blurry on a projector, so we take screenshots instead. When I export a chart to slides, the colors reset and the axis labels overlap. An SVG or high-resolution export would fix most of this. Thanks!

Steps to reproduce:
1. Open the Marketing Funnel dashboard.
2. Set the range to ""Last 30 days"".
3. Compare the total with the source system.",End user,ACC-002
1078,2026-08-26 20:09:27,Mapping not saved,"Following up on last week. Could the app remember the mapping for a file with the same columns? The mapping from last week is gone, even though the file has exactly the same headers. Thanks!",Buyer,ACC-030
1079,2026-09-10 02:10:44,Export to PowerPoint loses formatting,"Quick question. When I export a chart to slides, the colors reset and the axis labels overlap. An SVG or high-resolution export would fix most of this.",End user,ACC-035
1080,2026-08-08 12:40:29,Unexpected overage charge,"Following up on last week. I cannot find a usage breakdown that explains the overage. Our invoice this month was 3% higher than last month, and nobody on our side changed anything. Any update would help.",End user,ACC-029
1081,2026-07-20 22:31:47,Usage bill question,"Hi team, Finance wants a way to set a spending cap before the renewal conversation. Our invoice this month was 13% higher than last month, and nobody on our side changed anything. Please send a breakdown of the query volume by team. I cannot find a usage breakdown that explains the overage. Thanks!",Admin,ACC-057
1082,2026-08-26 01:17:29,SSO setup,"Hello, Is there documentation for the SAML attributes you expect? We want to enable SSO with Okta, but the settings page says to contact support. Please advise.",Admin,ACC-029
1083,2026-06-26 02:26:53,Sync status unclear,"Yesterday the numbers looked stale for a few hours, and nobody knew whether the sync was still running. I can't tell when the Weekly KPIs dashboard last refreshed, so I don't know if it includes today's orders. A simple ""last updated"" timestamp on each chart would save us a lot of back and forth. Our execs asked twice this week whether the data was current. Please advise.",Buyer,ACC-033
1084,2026-09-17 09:28:14,Numbers don't match Salesforce,"Hello, The revenue total on our Pipeline dashboard is about 12% lower than what Salesforce shows for the same period. Is there a way to see which rows make up a total, so we can reconcile it ourselves? We filtered both systems to the same date range, and the totals still differ. I have to screenshot the source system next to yours in every exec review to prove the figure is right. Thanks in advance.",Executive,ACC-029
1085,2026-07-11 07:21:07,Have to remap columns every time,"Hello, Could the app remember the mapping for a file with the same columns? Our ops lead spends about 31 minutes per upload just clicking through the mapping screen. Thanks!",End user,ACC-054
1086,2026-09-01 04:12:59,Enable SAML for our workspace,"Quick question. We want to enable SSO with Okta, but the settings page says to contact support. Is there documentation for the SAML attributes you expect? Thanks!

Steps to reproduce:
1. Open the Marketing Funnel dashboard.
2. Set the range to ""Last 30 days"".
3. Compare the total with the source system.",Admin,ACC-002
1087,2026-09-14 07:57:41,Usage bill question,"Please send a breakdown of the query volume by team. I cannot find a usage breakdown that explains the overage. Finance wants a way to set a spending cap before the renewal conversation. Our invoice this month was 7% higher than last month, and nobody on our side changed anything. Any update would help.",Admin,ACC-038
1088,2026-07-06 17:38:59,Unexpected overage charge,"Quick question. Finance wants a way to set a spending cap before the renewal conversation. Please send a breakdown of the query volume by team. Our invoice this month was 5% higher than last month, and nobody on our side changed anything. Thanks in advance.",Buyer,ACC-013
1089,2026-06-03 16:58:53,Okta integration help,"Hi there. Rolling out to 177 new seats is on hold until SSO works. Our IT team expected to configure SAML themselves, the same way they do for other tools. We want to enable SSO with Okta, but the settings page says to contact support.",End user,ACC-003
1090,2026-07-03 00:30:48,When was this data refreshed?,"Quick question. A simple ""last updated"" timestamp on each chart would save us a lot of back and forth. Our execs asked twice this week whether the data was current. You can reach our admin at ops@brightline.io if you need access.",End user,
1091,2026-06-08 14:17:35,Enable SAML for our workspace,"Hi there. Our IT team expected to configure SAML themselves, the same way they do for other tools. Is there documentation for the SAML attributes you expect? We want to enable SSO with Okta, but the settings page says to contact support. Thanks in advance.",End user,ACC-052
1092,2026-06-12 19:00:11,Numbers don't match Salesforce,"Hi team, I have to screenshot the source system next to yours in every exec review to prove the figure is right. Our finance team caught the mismatch during the monthly close, and now they do not trust any of the numbers.",Executive,ACC-049
1093,2026-09-14 14:22:55,Upload rejected with no reason,"Hello, I uploaded a CSV with 7400 rows and only part of it came through, with no error message. We had to split the file into smaller chunks by hand, which took most of the afternoon. Any update would help.",End user,ACC-054
1094,2026-06-08 01:57:08,Have to remap columns every time,"Hi team, The mapping from last week is gone, even though the file has exactly the same headers. Every time we import the weekly export, we have to map all 29 columns again. Our ops lead spends about 27 minutes per upload just clicking through the mapping screen. Could the app remember the mapping for a file with the same columns? Thanks!",Admin,
1095,2026-07-23 05:17:41,CSV import failed,"Quick question. The importer says ""Upload complete"", but half of the rows are missing from the table. We had to split the file into smaller chunks by hand, which took most of the afternoon. I uploaded a CSV with 6000 rows and only part of it came through, with no error message. This blocks our weekly reporting, because the numbers are incomplete until someone notices. Thanks!

Steps to reproduce:
1. Open the Churn dashboard.
2. Set the range to ""Last 30 days"".
3. Compare the total with the source system.",End user,ACC-028
1096,2026-07-29 12:53:18,Dashboard totals are wrong,"Hi there. Is there a way to see which rows make up a total, so we can reconcile it ourselves? I have to screenshot the source system next to yours in every exec review to prove the figure is right. Thanks!",End user,ACC-047
1097,2026-07-03 20:06:42,Restrict dashboards by team,"Quick question. Our procurement team said this is a deal breaker for the renewal. Right now anyone in the workspace can see salary data, which our security review flagged. We need to restrict the Churn dashboard to the finance team only. Can admins create groups and share a folder with a group instead of with each person? Thanks!",Admin,ACC-010
1098,2026-07-08 12:55:39,Access control request,"Hi team, Right now anyone in the workspace can see salary data, which our security review flagged. Can admins create groups and share a folder with a group instead of with each person? Our procurement team said this is a deal breaker for the renewal. We need to restrict the Churn dashboard to the finance team only. Thanks in advance.",Admin,ACC-004
1099,2026-09-11 10:38:16,CSV import failed,"If a row is malformed, please tell us which one, instead of silently dropping it. We had to split the file into smaller chunks by hand, which took most of the afternoon.",Executive,ACC-050
1100,2026-09-12 12:32:39,SSO setup,"Rolling out to 236 new seats is on hold until SSO works. We want to enable SSO with Okta, but the settings page says to contact support. Thanks in advance.",Admin,ACC-037
1101,2026-07-16 23:45:05,PNG export is blurry,"Hi there. When I export a chart to slides, the colors reset and the axis labels overlap. An SVG or high-resolution export would fix most of this. Any update would help.",Admin,ACC-006
1102,2026-07-14 10:34:51,Usage bill question,"Hi team, Finance wants a way to set a spending cap before the renewal conversation. Our invoice this month was 11% higher than last month, and nobody on our side changed anything. Thanks!",End user,ACC-038
1103,2026-07-06 01:28:52,Enable SAML for our workspace,"Quick question. Is there documentation for the SAML attributes you expect? Our IT team expected to configure SAML themselves, the same way they do for other tools. Rolling out to 274 new seats is on hold until SSO works. We want to enable SSO with Okta, but the settings page says to contact support. Thanks!",Admin,
1104,2026-07-14 06:48:30,Restrict dashboards by team,"Hi there. Can admins create groups and share a folder with a group instead of with each person? We need to restrict the Marketing Funnel dashboard to the finance team only. Right now anyone in the workspace can see salary data, which our security review flagged. Our procurement team said this is a deal breaker for the renewal. Thanks!

Steps to reproduce:
1. Open the Weekly KPIs dashboard.
2. Set the range to ""Last 30 days"".
3. Compare the total with the source system.",End user,ACC-060
1105,2026-06-27 21:47:23,Dashboard totals are wrong,"Hi team, We filtered both systems to the same date range, and the totals still differ. Our finance team caught the mismatch during the monthly close, and now they do not trust any of the numbers.",End user,ACC-051
1106,2026-08-10 06:51:40,Have to remap columns every time,"Hi there. Every time we import the weekly export, we have to map all 36 columns again. Could the app remember the mapping for a file with the same columns? Any update would help.",Admin,ACC-057
1107,2026-07-01 12:01:13,Field mapping lost,"The mapping from last week is gone, even though the file has exactly the same headers. Could the app remember the mapping for a file with the same columns? Our ops lead spends about 43 minutes per upload just clicking through the mapping screen. Please advise.",End user,ACC-038
1108,2026-08-10 16:13:06,Access control request,"Hi team, Our procurement team said this is a deal breaker for the renewal. Can admins create groups and share a folder with a group instead of with each person?",End user,ACC-047
1109,2026-06-13 16:58:24,Stale data on the home dashboard,"Hi there. Yesterday the numbers looked stale for a few hours, and nobody knew whether the sync was still running. A simple ""last updated"" timestamp on each chart would save us a lot of back and forth. Any update would help.",Admin,ACC-051
1110,2026-07-01 04:24:08,Dashboard totals are wrong,"Hi team, I have to screenshot the source system next to yours in every exec review to prove the figure is right. The revenue total on our Marketing Funnel dashboard is about 4% lower than what Salesforce shows for the same period. Thanks!",Executive,ACC-034
1111,2026-07-30 08:47:41,CSV import failed,"Hello, The importer says ""Upload complete"", but half of the rows are missing from the table. We had to split the file into smaller chunks by hand, which took most of the afternoon. I uploaded a CSV with 5000 rows and only part of it came through, with no error message. Any update would help.",Admin,ACC-040
1112,2026-09-16 16:21:12,Have to remap columns every time,"Following up on last week. The mapping from last week is gone, even though the file has exactly the same headers. Every time we import the weekly export, we have to map all 31 columns again. Could the app remember the mapping for a file with the same columns? Thanks!",Admin,ACC-054
1113,2026-09-19 21:54:19,Restrict dashboards by team,"Hi there. We need to restrict the Churn dashboard to the finance team only. Right now anyone in the workspace can see salary data, which our security review flagged. Can admins create groups and share a folder with a group instead of with each person? Please advise.

Steps to reproduce:
1. Open the Churn dashboard.
2. Set the range to ""Last 30 days"".
3. Compare the total with the source system.",End user,
1114,2026-06-14 20:11:20,CSV import failed,"Following up on last week. This blocks our weekly reporting, because the numbers are incomplete until someone notices. We had to split the file into smaller chunks by hand, which took most of the afternoon. I uploaded a CSV with 1900 rows and only part of it came through, with no error message. The importer says ""Upload complete"", but half of the rows are missing from the table. Any update would help.",End user,ACC-045
1115,2026-07-11 18:17:26,Unexpected overage charge,"Hello, Our invoice this month was 18% higher than last month, and nobody on our side changed anything. Please send a breakdown of the query volume by team. Thanks!",Admin,ACC-044
1116,2026-07-11 20:19:36,Upload rejected with no reason,"Quick question. I uploaded a CSV with 7100 rows and only part of it came through, with no error message. The importer says ""Upload complete"", but half of the rows are missing from the table. This blocks our weekly reporting, because the numbers are incomplete until someone notices. We had to split the file into smaller chunks by hand, which took most of the afternoon.",Executive,ACC-051
1117,2026-07-30 12:12:50,SSO setup,"Quick question. Our IT team expected to configure SAML themselves, the same way they do for other tools. Is there documentation for the SAML attributes you expect? Please advise.",End user,ACC-021
1118,2026-08-27 07:57:05,Numbers don't match Salesforce,"Hi there. Our finance team caught the mismatch during the monthly close, and now they do not trust any of the numbers. Is there a way to see which rows make up a total, so we can reconcile it ourselves? The revenue total on our Pipeline dashboard is about 6% lower than what Salesforce shows for the same period.",End user,ACC-024
1119,2026-09-15 13:04:39,Okta integration help,"Quick question. Our IT team expected to configure SAML themselves, the same way they do for other tools. Is there documentation for the SAML attributes you expect? Any update would help.",End user,ACC-021
1120,2026-06-23 08:29:34,PNG export is blurry,"Quick question. When I export a chart to slides, the colors reset and the axis labels overlap. The PNG export is blurry on a projector, so we take screenshots instead. I rebuild the same 4 charts in PowerPoint every month for the board deck. An SVG or high-resolution export would fix most of this. Thanks in advance.",End user,ACC-047
1121,2026-07-18 12:23:03,Invoice higher than expected,"Hi team, Our invoice this month was 12% higher than last month, and nobody on our side changed anything. Please send a breakdown of the query volume by team. Finance wants a way to set a spending cap before the renewal conversation. Please advise.",End user,ACC-041
1122,2026-07-20 12:36:19,Export to PowerPoint loses formatting,"An SVG or high-resolution export would fix most of this. When I export a chart to slides, the colors reset and the axis labels overlap. The PNG export is blurry on a projector, so we take screenshots instead. I rebuild the same 10 charts in PowerPoint every month for the board deck. Thanks in advance.

Steps to reproduce:
1. Open the Pipeline dashboard.
2. Set the range to ""Last 30 days"".
3. Compare the total with the source system.",End user,ACC-016
1123,2026-08-06 03:15:57,Access control request,Hi there. Can admins create groups and share a folder with a group instead of with each person? Our procurement team said this is a deal breaker for the renewal.,Admin,ACC-055
1124,2026-07-05 20:21:02,SSO setup,"Our IT team expected to configure SAML themselves, the same way they do for other tools. Is there documentation for the SAML attributes you expect? Thanks!",Executive,ACC-058
1125,2026-08-05 20:07:10,Usage bill question,"Quick question. Our invoice this month was 12% higher than last month, and nobody on our side changed anything. Finance wants a way to set a spending cap before the renewal conversation. I cannot find a usage breakdown that explains the overage.",Executive,ACC-004
1126,2026-09-04 20:05:20,Restrict dashboards by team,Quick question. Our procurement team said this is a deal breaker for the renewal. Can admins create groups and share a folder with a group instead of with each person? We need to restrict the Revenue dashboard to the finance team only. Thanks!,Buyer,ACC-012
1127,2026-06-08 03:48:34,Invoice higher than expected,"Our invoice this month was 11% higher than last month, and nobody on our side changed anything. Finance wants a way to set a spending cap before the renewal conversation. I cannot find a usage breakdown that explains the overage. Please send a breakdown of the query volume by team. Please advise.",Buyer,
1128,2026-06-01 10:18:03,Sync status unclear,"Hi team, I can't tell when the Revenue dashboard last refreshed, so I don't know if it includes today's orders. Our execs asked twice this week whether the data was current. Yesterday the numbers looked stale for a few hours, and nobody knew whether the sync was still running. A simple ""last updated"" timestamp on each chart would save us a lot of back and forth.",End user,ACC-058
1129,2026-07-10 12:23:33,When was this data refreshed?,"Hello, Yesterday the numbers looked stale for a few hours, and nobody knew whether the sync was still running. A simple ""last updated"" timestamp on each chart would save us a lot of back and forth. I can't tell when the Executive Summary dashboard last refreshed, so I don't know if it includes today's orders. Any update would help.",Admin,ACC-002
1130,2026-09-16 21:34:37,Access control request,"Following up on last week. Our procurement team said this is a deal breaker for the renewal. Right now anyone in the workspace can see salary data, which our security review flagged. We need to restrict the Revenue dashboard to the finance team only. Please advise.",Admin,ACC-060
1131,2026-08-18 15:30:31,Enable SAML for our workspace,"Our IT team expected to configure SAML themselves, the same way they do for other tools. Is there documentation for the SAML attributes you expect? We tried paying the overage with card 4111 1111 1111 1111, and it was declined. Thanks in advance.

Steps to reproduce:
1. Open the Weekly KPIs dashboard.
2. Set the range to ""Last 30 days"".
3. Compare the total with the source system.",End user,ACC-001
1132,2026-09-12 14:49:39,Enable SAML for our workspace,"Quick question. We want to enable SSO with Okta, but the settings page says to contact support. Rolling out to 195 new seats is on hold until SSO works. Any update would help.",Admin,ACC-051
1133,2026-08-19 18:02:41,Invoice higher than expected,"Hi there. I cannot find a usage breakdown that explains the overage. Our invoice this month was 17% higher than last month, and nobody on our side changed anything. Please send a breakdown of the query volume by team. Please advise.",Admin,ACC-037
1134,2026-06-22 10:11:23,Field mapping lost,"Following up on last week. The mapping from last week is gone, even though the file has exactly the same headers. Every time we import the weekly export, we have to map all 24 columns again. Our ops lead spends about 45 minutes per upload just clicking through the mapping screen. Any update would help.",Executive,ACC-028
1135,2026-09-01 11:42:02,CSV import failed,"Hi there. We had to split the file into smaller chunks by hand, which took most of the afternoon. This blocks our weekly reporting, because the numbers are incomplete until someone notices.",End user,ACC-012
1136,2026-07-17 07:00:46,Invoice higher than expected,"Quick question. Finance wants a way to set a spending cap before the renewal conversation. Please send a breakdown of the query volume by team. Our invoice this month was 14% higher than last month, and nobody on our side changed anything. I cannot find a usage breakdown that explains the overage. Please advise.",Buyer,ACC-029
1137,2026-09-12 09:22:14,PNG export is blurry,"Hi team, An SVG or high-resolution export would fix most of this. When I export a chart to slides, the colors reset and the axis labels overlap. I rebuild the same 15 charts in PowerPoint every month for the board deck.",Admin,ACC-032
1138,2026-08-26 22:40:14,Sync status unclear,"Hello, I can't tell when the Churn dashboard last refreshed, so I don't know if it includes today's orders. A simple ""last updated"" timestamp on each chart would save us a lot of back and forth. Yesterday the numbers looked stale for a few hours, and nobody knew whether the sync was still running. Our execs asked twice this week whether the data was current.",Executive,ACC-012
1139,2026-06-04 14:43:29,Restrict dashboards by team,"Hi team, Our procurement team said this is a deal breaker for the renewal. We need to restrict the Pipeline dashboard to the finance team only. Can admins create groups and share a folder with a group instead of with each person? Right now anyone in the workspace can see salary data, which our security review flagged. Any update would help.",Buyer,ACC-048
1140,2026-08-15 20:30:55,CSV import failed,"Hi there. If a row is malformed, please tell us which one, instead of silently dropping it. We had to split the file into smaller chunks by hand, which took most of the afternoon. I uploaded a CSV with 1300 rows and only part of it came through, with no error message. This blocks our weekly reporting, because the numbers are incomplete until someone notices. Please advise.

Steps to reproduce:
1. Open the Marketing Funnel dashboard.
2. Set the range to ""Last 30 days"".
3. Compare the total with the source system.",End user,ACC-053
1141,2026-08-06 07:30:35,Have to remap columns every time,"Quick question. Every time we import the weekly export, we have to map all 28 columns again. Our ops lead spends about 31 minutes per upload just clicking through the mapping screen.",Admin,
1142,2026-07-10 07:05:23,Upload rejected with no reason,"Following up on last week. This blocks our weekly reporting, because the numbers are incomplete until someone notices. The importer says ""Upload complete"", but half of the rows are missing from the table. I uploaded a CSV with 3200 rows and only part of it came through, with no error message. If a row is malformed, please tell us which one, instead of silently dropping it. Thanks in advance.",End user,ACC-049
1143,2026-08-07 02:49:17,Enable SAML for our workspace,"Quick question. We want to enable SSO with Okta, but the settings page says to contact support. Our IT team expected to configure SAML themselves, the same way they do for other tools. Rolling out to 349 new seats is on hold until SSO works. Is there documentation for the SAML attributes you expect? Any update would help.",End user,ACC-047
1144,2026-08-12 09:59:34,Field mapping lost,"Our ops lead spends about 47 minutes per upload just clicking through the mapping screen. The mapping from last week is gone, even though the file has exactly the same headers. Every time we import the weekly export, we have to map all 23 columns again.",Executive,ACC-003
1145,2026-06-03 23:59:56,Usage bill question,"Hello, I cannot find a usage breakdown that explains the overage. Please send a breakdown of the query volume by team. Thanks!",Buyer,ACC-055
1146,2026-09-06 04:50:21,Usage bill question,"Hi team, I cannot find a usage breakdown that explains the overage. Please send a breakdown of the query volume by team. Thanks!",Admin,ACC-008
1147,2026-06-01 19:56:14,When was this data refreshed?,"Yesterday the numbers looked stale for a few hours, and nobody knew whether the sync was still running. Our execs asked twice this week whether the data was current. Any update would help.",End user,ACC-008
1148,2026-07-11 21:10:14,Import stuck at 0%,"Hi team, The importer says ""Upload complete"", but half of the rows are missing from the table. We had to split the file into smaller chunks by hand, which took most of the afternoon. This blocks our weekly reporting, because the numbers are incomplete until someone notices. Please advise.",Admin,
1149,2026-06-19 15:57:12,Sync status unclear,"Hello, Yesterday the numbers looked stale for a few hours, and nobody knew whether the sync was still running. I can't tell when the Marketing Funnel dashboard last refreshed, so I don't know if it includes today's orders. Any update would help.

Steps to reproduce:
1. Open the Revenue dashboard.
2. Set the range to ""Last 30 days"".
3. Compare the total with the source system.",Executive,ACC-057
1150,2026-07-27 16:26:39,PNG export is blurry,"Following up on last week. The PNG export is blurry on a projector, so we take screenshots instead. An SVG or high-resolution export would fix most of this. When I export a chart to slides, the colors reset and the axis labels overlap. Any update would help.",Admin,ACC-004
1151,2026-09-17 02:15:54,Unexpected overage charge,"Our invoice this month was 7% higher than last month, and nobody on our side changed anything. I cannot find a usage breakdown that explains the overage. Please send a breakdown of the query volume by team. Please advise.",End user,ACC-053
1152,2026-09-19 05:36:03,Import stuck at 0%,"Hello, I uploaded a CSV with 8400 rows and only part of it came through, with no error message. The importer says ""Upload complete"", but half of the rows are missing from the table. Thanks in advance.",Admin,ACC-008
1153,2026-06-01 16:54:57,Enable SAML for our workspace,"Rolling out to 82 new seats is on hold until SSO works. We want to enable SSO with Okta, but the settings page says to contact support. Is there documentation for the SAML attributes you expect? Any update would help.",End user,ACC-058
1154,2026-07-14 06:44:40,Numbers don't match Salesforce,"Quick question. Is there a way to see which rows make up a total, so we can reconcile it ourselves? We filtered both systems to the same date range, and the totals still differ. The revenue total on our Weekly KPIs dashboard is about 6% lower than what Salesforce shows for the same period. Please advise.",End user,ACC-030
1155,2026-06-13 15:23:48,Unexpected overage charge,"Finance wants a way to set a spending cap before the renewal conversation. I cannot find a usage breakdown that explains the overage. Please send a breakdown of the query volume by team. Our invoice this month was 10% higher than last month, and nobody on our side changed anything.",End user,ACC-005
1156,2026-06-16 17:35:57,Sync status unclear,"Quick question. Our execs asked twice this week whether the data was current. I can't tell when the Churn dashboard last refreshed, so I don't know if it includes today's orders. A simple ""last updated"" timestamp on each chart would save us a lot of back and forth. Any update would help.",End user,ACC-035
1157,2026-09-04 11:27:09,Dashboard totals are wrong,"Following up on last week. Our finance team caught the mismatch during the monthly close, and now they do not trust any of the numbers. We filtered both systems to the same date range, and the totals still differ. Thanks in advance.",Executive,ACC-030
1158,2026-07-08 23:21:48,Usage bill question,"Hello, Finance wants a way to set a spending cap before the renewal conversation. I cannot find a usage breakdown that explains the overage. Our invoice this month was 10% higher than last month, and nobody on our side changed anything. Please send a breakdown of the query volume by team. Thanks!

Steps to reproduce:
1. Open the Weekly KPIs dashboard.
2. Set the range to ""Last 30 days"".
3. Compare the total with the source system.",Admin,ACC-035
1159,2026-06-14 19:47:11,Restrict dashboards by team,"Our procurement team said this is a deal breaker for the renewal. Right now anyone in the workspace can see salary data, which our security review flagged. We need to restrict the Churn dashboard to the finance team only. Can admins create groups and share a folder with a group instead of with each person?",Admin,ACC-018
1160,2026-08-18 23:09:04,Upload rejected with no reason,"Hi there. This blocks our weekly reporting, because the numbers are incomplete until someone notices. We had to split the file into smaller chunks by hand, which took most of the afternoon. I uploaded a CSV with 2500 rows and only part of it came through, with no error message.",Buyer,ACC-060
1161,2026-06-06 01:59:03,Field mapping lost,"Our ops lead spends about 40 minutes per upload just clicking through the mapping screen. The mapping from last week is gone, even though the file has exactly the same headers. Could the app remember the mapping for a file with the same columns? Every time we import the weekly export, we have to map all 22 columns again. Please advise.",Executive,ACC-058
1162,2026-08-22 09:14:27,Access control request,"Hello, Our procurement team said this is a deal breaker for the renewal. Right now anyone in the workspace can see salary data, which our security review flagged. Thanks in advance.",End user,ACC-001
1163,2026-07-13 16:09:15,CSV import failed,"Following up on last week. I uploaded a CSV with 5200 rows and only part of it came through, with no error message. This blocks our weekly reporting, because the numbers are incomplete until someone notices. Any update would help.",End user,ACC-045
1164,2026-09-17 09:59:29,Usage bill question,"Following up on last week. Our invoice this month was 4% higher than last month, and nobody on our side changed anything. Please send a breakdown of the query volume by team. I cannot find a usage breakdown that explains the overage. Please advise.",End user,
1165,2026-06-05 16:52:02,Sync status unclear,"Hi there. I can't tell when the Executive Summary dashboard last refreshed, so I don't know if it includes today's orders. Our execs asked twice this week whether the data was current. Thanks in advance.",End user,ACC-023
1166,2026-09-11 14:31:01,SSO setup,"Hello, We want to enable SSO with Okta, but the settings page says to contact support. Is there documentation for the SAML attributes you expect? Thanks in advance.",End user,ACC-054
1167,2026-08-11 10:57:01,Revenue chart off by a few percent,"Hi there. Our finance team caught the mismatch during the monthly close, and now they do not trust any of the numbers. I have to screenshot the source system next to yours in every exec review to prove the figure is right. Please advise.

Steps to reproduce:
1. Open the Pipeline dashboard.
2. Set the range to ""Last 30 days"".
3. Compare the total with the source system.",End user,ACC-030
1168,2026-06-15 02:17:29,SSO setup,"Hi team, We want to enable SSO with Okta, but the settings page says to contact support. Our IT team expected to configure SAML themselves, the same way they do for other tools. Any update would help.",End user,ACC-034
1169,2026-06-11 06:46:38,Sync status unclear,"Quick question. Yesterday the numbers looked stale for a few hours, and nobody knew whether the sync was still running. A simple ""last updated"" timestamp on each chart would save us a lot of back and forth. Our execs asked twice this week whether the data was current. I can't tell when the Marketing Funnel dashboard last refreshed, so I don't know if it includes today's orders. Thanks in advance.",End user,ACC-037
1170,2026-06-11 08:10:20,Unexpected overage charge,"Hello, Please send a breakdown of the query volume by team. I cannot find a usage breakdown that explains the overage. Please advise.",End user,ACC-012
1171,2026-09-01 02:21:24,CSV import failed,"Hello, We had to split the file into smaller chunks by hand, which took most of the afternoon. If a row is malformed, please tell us which one, instead of silently dropping it. This blocks our weekly reporting, because the numbers are incomplete until someone notices. The importer says ""Upload complete"", but half of the rows are missing from the table.",Buyer,ACC-052
1172,2026-06-14 12:58:49,Access control request,"Hi there. We need to restrict the Marketing Funnel dashboard to the finance team only. Our procurement team said this is a deal breaker for the renewal. Right now anyone in the workspace can see salary data, which our security review flagged. Can admins create groups and share a folder with a group instead of with each person? We tried paying the overage with card 4111 1111 1111 1111, and it was declined.",End user,ACC-042
1173,2026-07-04 16:27:12,CSV import failed,"Hi team, We had to split the file into smaller chunks by hand, which took most of the afternoon. This blocks our weekly reporting, because the numbers are incomplete until someone notices. The importer says ""Upload complete"", but half of the rows are missing from the table. If a row is malformed, please tell us which one, instead of silently dropping it. Any update would help.",End user,ACC-047
1174,2026-07-29 04:56:25,Usage bill question,"Hi team, I cannot find a usage breakdown that explains the overage. Finance wants a way to set a spending cap before the renewal conversation. Thanks!",End user,ACC-042
1175,2026-06-01 09:55:45,Have to remap columns every time,"Hi team, Our ops lead spends about 45 minutes per upload just clicking through the mapping screen. Could the app remember the mapping for a file with the same columns? Any update would help.",Buyer,ACC-060
1176,2026-06-03 22:29:59,Restrict dashboards by team,"Hello, Our procurement team said this is a deal breaker for the renewal. Can admins create groups and share a folder with a group instead of with each person? We need to restrict the Executive Summary dashboard to the finance team only. Right now anyone in the workspace can see salary data, which our security review flagged.

Steps to reproduce:
1. Open the Churn dashboard.
2. Set the range to ""Last 30 days"".
3. Compare the total with the source system.",Admin,ACC-035
1177,2026-06-27 13:53:44,Field mapping lost,"Quick question. Could the app remember the mapping for a file with the same columns? Our ops lead spends about 42 minutes per upload just clicking through the mapping screen. Every time we import the weekly export, we have to map all 17 columns again. Please advise.",Admin,ACC-013
1178,2026-07-20 00:42:38,Usage bill question,"Hi team, I cannot find a usage breakdown that explains the overage. Our invoice this month was 10% higher than last month, and nobody on our side changed anything. Please send a breakdown of the query volume by team. Any update would help.",Buyer,ACC-041
1179,2026-07-30 09:24:51,Usage bill question,"Hi there. Finance wants a way to set a spending cap before the renewal conversation. Our invoice this month was 11% higher than last month, and nobody on our side changed anything. I cannot find a usage breakdown that explains the overage. Thanks in advance.",Admin,
1180,2026-06-03 03:33:14,Restrict dashboards by team,We need to restrict the Weekly KPIs dashboard to the finance team only. Can admins create groups and share a folder with a group instead of with each person? Please advise.,End user,
1181,2026-06-19 23:38:05,PNG export is blurry,"Quick question. When I export a chart to slides, the colors reset and the axis labels overlap. The PNG export is blurry on a projector, so we take screenshots instead. An SVG or high-resolution export would fix most of this.",Buyer,ACC-034
1182,2026-08-05 05:21:36,Need team-level permissions,"Hi there. Right now anyone in the workspace can see salary data, which our security review flagged. Our procurement team said this is a deal breaker for the renewal. Can admins create groups and share a folder with a group instead of with each person? We need to restrict the Churn dashboard to the finance team only. Please advise.",Admin,ACC-020
1183,2026-08-13 11:00:22,Export to PowerPoint loses formatting,"Quick question. When I export a chart to slides, the colors reset and the axis labels overlap. An SVG or high-resolution export would fix most of this. Any update would help.",Admin,ACC-046
1184,2026-07-27 17:22:58,Stale data on the home dashboard,"Hello, I can't tell when the Churn dashboard last refreshed, so I don't know if it includes today's orders. A simple ""last updated"" timestamp on each chart would save us a lot of back and forth. Our execs asked twice this week whether the data was current. Thanks!",End user,ACC-039
1185,2026-06-23 22:42:46,Revenue chart off by a few percent,"Hi there. I have to screenshot the source system next to yours in every exec review to prove the figure is right. Is there a way to see which rows make up a total, so we can reconcile it ourselves? Our finance team caught the mismatch during the monthly close, and now they do not trust any of the numbers. Thanks in advance.

Steps to reproduce:
1. Open the Marketing Funnel dashboard.
2. Set the range to ""Last 30 days"".
3. Compare the total with the source system.",Admin,ACC-051
1186,2026-06-06 13:20:45,Sync status unclear,"Quick question. I can't tell when the Churn dashboard last refreshed, so I don't know if it includes today's orders. Our execs asked twice this week whether the data was current. Yesterday the numbers looked stale for a few hours, and nobody knew whether the sync was still running. A simple ""last updated"" timestamp on each chart would save us a lot of back and forth. Thanks in advance.",Buyer,ACC-005
1187,2026-08-31 22:37:57,Revenue chart off by a few percent,"Hello, We filtered both systems to the same date range, and the totals still differ. I have to screenshot the source system next to yours in every exec review to prove the figure is right. Is there a way to see which rows make up a total, so we can reconcile it ourselves? Any update would help.",Admin,ACC-040
1188,2026-07-03 19:17:01,Mapping not saved,"Hello, Could the app remember the mapping for a file with the same columns? Our ops lead spends about 11 minutes per upload just clicking through the mapping screen. Every time we import the weekly export, we have to map all 17 columns again. Thanks!",Admin,ACC-053
1189,2026-09-12 15:38:29,Restrict dashboards by team,Following up on last week. Can admins create groups and share a folder with a group instead of with each person? We need to restrict the Weekly KPIs dashboard to the finance team only. Our procurement team said this is a deal breaker for the renewal. Thanks in advance.,End user,ACC-058
1190,2026-06-19 16:39:18,Upload rejected with no reason,"Hi team, We had to split the file into smaller chunks by hand, which took most of the afternoon. The importer says ""Upload complete"", but half of the rows are missing from the table. If a row is malformed, please tell us which one, instead of silently dropping it. I uploaded a CSV with 6600 rows and only part of it came through, with no error message. Thanks in advance.",End user,ACC-012
1191,2026-08-29 09:43:54,CSV import failed,"Hi team, We had to split the file into smaller chunks by hand, which took most of the afternoon. The importer says ""Upload complete"", but half of the rows are missing from the table. Thanks in advance.",Admin,ACC-011
1192,2026-07-07 08:53:32,Access control request,Following up on last week. Our procurement team said this is a deal breaker for the renewal. We need to restrict the Churn dashboard to the finance team only. Can admins create groups and share a folder with a group instead of with each person? Thanks in advance.,End user,ACC-047
1193,2026-08-08 02:52:05,Unexpected overage charge,"Hi there. Finance wants a way to set a spending cap before the renewal conversation. Our invoice this month was 9% higher than last month, and nobody on our side changed anything. Please send a breakdown of the query volume by team. I cannot find a usage breakdown that explains the overage.",Executive,ACC-048
1194,2026-07-03 08:56:43,Import stuck at 0%,"Hi team, We had to split the file into smaller chunks by hand, which took most of the afternoon. If a row is malformed, please tell us which one, instead of silently dropping it. The importer says ""Upload complete"", but half of the rows are missing from the table. I uploaded a CSV with 6800 rows and only part of it came through, with no error message.

Steps to reproduce:
1. Open the Revenue dashboard.
2. Set the range to ""Last 30 days"".
3. Compare the total with the source system.",Buyer,ACC-023
1195,2026-07-24 19:25:40,Usage bill question,"Hello, I cannot find a usage breakdown that explains the overage. Finance wants a way to set a spending cap before the renewal conversation. Please send a breakdown of the query volume by team. Our invoice this month was 17% higher than last month, and nobody on our side changed anything. Thanks in advance.",Admin,ACC-007
1196,2026-06-23 22:10:24,Stale data on the home dashboard,"Hi there. Our execs asked twice this week whether the data was current. A simple ""last updated"" timestamp on each chart would save us a lot of back and forth. Yesterday the numbers looked stale for a few hours, and nobody knew whether the sync was still running. Please advise.",End user,ACC-008
1197,2026-06-06 11:14:15,Upload rejected with no reason,"Hello, The importer says ""Upload complete"", but half of the rows are missing from the table. I uploaded a CSV with 2800 rows and only part of it came through, with no error message. Thanks!",Admin,ACC-031
1198,2026-08-14 06:02:52,Dashboard totals are wrong,"Hi team, Our finance team caught the mismatch during the monthly close, and now they do not trust any of the numbers. Is there a way to see which rows make up a total, so we can reconcile it ourselves? We filtered both systems to the same date range, and the totals still differ.",Buyer,
1199,2026-06-14 16:44:34,Enable SAML for our workspace,"Hello, We want to enable SSO with Okta, but the settings page says to contact support. Rolling out to 178 new seats is on hold until SSO works. Our IT team expected to configure SAML themselves, the same way they do for other tools. Please advise.",Admin,
1200,2026-09-03 20:03:45,Export to PowerPoint loses formatting,Quick question. An SVG or high-resolution export would fix most of this. I rebuild the same 13 charts in PowerPoint every month for the board deck. Please advise.,Executive,
1201,2026-07-18 05:49:40,Okta integration help,"Hello, Is there documentation for the SAML attributes you expect? We want to enable SSO with Okta, but the settings page says to contact support. Our IT team expected to configure SAML themselves, the same way they do for other tools. Thanks!",Admin,ACC-014
1202,2026-09-02 20:30:00,Okta integration help,"Our IT team expected to configure SAML themselves, the same way they do for other tools. Is there documentation for the SAML attributes you expect? Rolling out to 341 new seats is on hold until SSO works. Please advise.",Admin,ACC-045
1203,2026-08-22 10:17:52,PNG export is blurry,"An SVG or high-resolution export would fix most of this. The PNG export is blurry on a projector, so we take screenshots instead. Please advise.

Steps to reproduce:
1. Open the Churn dashboard.
2. Set the range to ""Last 30 days"".
3. Compare the total with the source system.",Executive,ACC-004
1204,2026-08-02 12:03:51,Upload rejected with no reason,"Following up on last week. This blocks our weekly reporting, because the numbers are incomplete until someone notices. I uploaded a CSV with 8100 rows and only part of it came through, with no error message. The importer says ""Upload complete"", but half of the rows are missing from the table. We had to split the file into smaller chunks by hand, which took most of the afternoon. Any update would help.",End user,ACC-017
1205,2026-06-20 19:31:52,Enable SAML for our workspace,"Hi team, We want to enable SSO with Okta, but the settings page says to contact support. Rolling out to 115 new seats is on hold until SSO works. Is there documentation for the SAML attributes you expect? Thanks in advance.",End user,ACC-042
1206,2026-07-04 13:18:06,CSV import failed,"Quick question. The importer says ""Upload complete"", but half of the rows are missing from the table. This blocks our weekly reporting, because the numbers are incomplete until someone notices. We had to split the file into smaller chunks by hand, which took most of the afternoon. Thanks in advance.",End user,ACC-003
1207,2026-08-17 04:31:36,Upload rejected with no reason,"Quick question. I uploaded a CSV with 3200 rows and only part of it came through, with no error message. If a row is malformed, please tell us which one, instead of silently dropping it. Please advise.",Admin,ACC-015
1208,2026-07-05 20:20:47,Have to remap columns every time,"Hi there. Could the app remember the mapping for a file with the same columns? Every time we import the weekly export, we have to map all 33 columns again. The mapping from last week is gone, even though the file has exactly the same headers. Thanks in advance.",Executive,ACC-021
1209,2026-07-21 18:28:04,Sync status unclear,"Following up on last week. Yesterday the numbers looked stale for a few hours, and nobody knew whether the sync was still running. I can't tell when the Churn dashboard last refreshed, so I don't know if it includes today's orders. Our execs asked twice this week whether the data was current. A simple ""last updated"" timestamp on each chart would save us a lot of back and forth. Any update would help.",End user,ACC-014
1210,2026-07-12 18:19:11,Numbers don't match Salesforce,"Hello, The revenue total on our Pipeline dashboard is about 10% lower than what Salesforce shows for the same period. I have to screenshot the source system next to yours in every exec review to prove the figure is right. Thanks in advance.",Executive,ACC-016
1211,2026-06-26 21:49:54,SSO setup,"Hi team, We want to enable SSO with Okta, but the settings page says to contact support. Is there documentation for the SAML attributes you expect? Rolling out to 190 new seats is on hold until SSO works. Thanks in advance.",End user,ACC-033
1212,2026-07-18 15:45:11,Okta integration help,"Hi team, Rolling out to 146 new seats is on hold until SSO works. Is there documentation for the SAML attributes you expect? We want to enable SSO with Okta, but the settings page says to contact support. Thanks in advance.

Steps to reproduce:
1. Open the Marketing Funnel dashboard.
2. Set the range to ""Last 30 days"".
3. Compare the total with the source system.",Executive,ACC-045
1213,2026-06-21 19:33:01,Usage bill question,Finance wants a way to set a spending cap before the renewal conversation. Please send a breakdown of the query volume by team. Call me at (212) 555-0147 if a screen share is easier.,End user,ACC-018
1214,2026-09-04 09:55:25,Mapping not saved,"Hi there. Our ops lead spends about 31 minutes per upload just clicking through the mapping screen. The mapping from last week is gone, even though the file has exactly the same headers. Could the app remember the mapping for a file with the same columns?",Buyer,ACC-052
1215,2026-07-10 10:37:42,Sync status unclear,"Hi team, Our execs asked twice this week whether the data was current. I can't tell when the Pipeline dashboard last refreshed, so I don't know if it includes today's orders. Yesterday the numbers looked stale for a few hours, and nobody knew whether the sync was still running. A simple ""last updated"" timestamp on each chart would save us a lot of back and forth. Any update would help.",Buyer,ACC-059
1216,2026-07-01 18:00:49,Export to PowerPoint loses formatting,"The PNG export is blurry on a projector, so we take screenshots instead. I rebuild the same 14 charts in PowerPoint every month for the board deck. When I export a chart to slides, the colors reset and the axis labels overlap. Thanks!",Buyer,ACC-011
1217,2026-06-16 01:22:00,Stale data on the home dashboard,"Hi team, Our execs asked twice this week whether the data was current. I can't tell when the Marketing Funnel dashboard last refreshed, so I don't know if it includes today's orders. Thanks in advance.",End user,
1218,2026-07-13 09:56:29,CSV import failed,"Following up on last week. I uploaded a CSV with 3700 rows and only part of it came through, with no error message. This blocks our weekly reporting, because the numbers are incomplete until someone notices.",Executive,ACC-056
1219,2026-07-31 16:10:41,When was this data refreshed?,"Following up on last week. A simple ""last updated"" timestamp on each chart would save us a lot of back and forth. Our execs asked twice this week whether the data was current. I can't tell when the Marketing Funnel dashboard last refreshed, so I don't know if it includes today's orders. Yesterday the numbers looked stale for a few hours, and nobody knew whether the sync was still running. Thanks in advance.",End user,ACC-002
1220,2026-09-18 11:44:51,SSO setup,"Following up on last week. Is there documentation for the SAML attributes you expect? We want to enable SSO with Okta, but the settings page says to contact support. Rolling out to 70 new seats is on hold until SSO works. Any update would help.",Admin,ACC-059
1221,2026-07-25 00:56:35,CSV import failed,"Hello, The importer says ""Upload complete"", but half of the rows are missing from the table. This blocks our weekly reporting, because the numbers are incomplete until someone notices. Please advise.

Steps to reproduce:
1. Open the Weekly KPIs dashboard.
2. Set the range to ""Last 30 days"".
3. Compare the total with the source system.",Admin,ACC-044
1222,2026-08-21 09:35:59,Upload rejected with no reason,"Hi team, The importer says ""Upload complete"", but half of the rows are missing from the table. I uploaded a CSV with 6600 rows and only part of it came through, with no error message. This blocks our weekly reporting, because the numbers are incomplete until someone notices. If a row is malformed, please tell us which one, instead of silently dropping it. Any update would help.",End user,ACC-049
1223,2026-07-02 13:34:00,Upload rejected with no reason,"Quick question. I uploaded a CSV with 4800 rows and only part of it came through, with no error message. This blocks our weekly reporting, because the numbers are incomplete until someone notices. Any update would help.",Admin,ACC-041
1224,2026-06-18 02:32:21,Unexpected overage charge,"Hi team, Please send a breakdown of the query volume by team. I cannot find a usage breakdown that explains the overage. Finance wants a way to set a spending cap before the renewal conversation.",End user,ACC-025
1225,2026-06-16 01:23:51,Okta integration help,"Hi there. Rolling out to 163 new seats is on hold until SSO works. We want to enable SSO with Okta, but the settings page says to contact support. Any update would help.",Buyer,ACC-045
1226,2026-09-19 08:26:30,Need team-level permissions,"Hello, Can admins create groups and share a folder with a group instead of with each person? We need to restrict the Pipeline dashboard to the finance team only. Thanks!",End user,ACC-024
1227,2026-09-06 05:21:38,Import stuck at 0%,"Following up on last week. If a row is malformed, please tell us which one, instead of silently dropping it. I uploaded a CSV with 4800 rows and only part of it came through, with no error message. We had to split the file into smaller chunks by hand, which took most of the afternoon.",Admin,ACC-011
1228,2026-07-11 11:40:37,Invoice higher than expected,"Quick question. Finance wants a way to set a spending cap before the renewal conversation. Our invoice this month was 13% higher than last month, and nobody on our side changed anything.",Buyer,ACC-009
1229,2026-08-03 16:53:33,Okta integration help,"Hello, Rolling out to 396 new seats is on hold until SSO works. Our IT team expected to configure SAML themselves, the same way they do for other tools. Is there documentation for the SAML attributes you expect? Please advise.",End user,ACC-042
1230,2026-07-20 01:30:11,Upload rejected with no reason,"Hi team, This blocks our weekly reporting, because the numbers are incomplete until someone notices. We had to split the file into smaller chunks by hand, which took most of the afternoon. The importer says ""Upload complete"", but half of the rows are missing from the table. Any update would help.

Steps to reproduce:
1. Open the Weekly KPIs dashboard.
2. Set the range to ""Last 30 days"".
3. Compare the total with the source system.",Admin,ACC-036
1231,2026-08-15 04:30:37,Sync status unclear,"Following up on last week. Our execs asked twice this week whether the data was current. Yesterday the numbers looked stale for a few hours, and nobody knew whether the sync was still running. I can't tell when the Pipeline dashboard last refreshed, so I don't know if it includes today's orders. A simple ""last updated"" timestamp on each chart would save us a lot of back and forth. Any update would help.",End user,ACC-005
1232,2026-07-29 01:38:43,Unexpected overage charge,"Hello, Finance wants a way to set a spending cap before the renewal conversation. Please send a breakdown of the query volume by team. Please advise.",End user,ACC-013
1233,2026-09-18 08:44:05,Import stuck at 0%,"Hello, I uploaded a CSV with 8200 rows and only part of it came through, with no error message. This blocks our weekly reporting, because the numbers are incomplete until someone notices. The importer says ""Upload complete"", but half of the rows are missing from the table. We had to split the file into smaller chunks by hand, which took most of the afternoon. Thanks in advance.",Admin,ACC-045
1234,2026-08-11 00:48:01,Dashboard totals are wrong,"Hello, Is there a way to see which rows make up a total, so we can reconcile it ourselves? The revenue total on our Pipeline dashboard is about 13% lower than what Salesforce shows for the same period. We filtered both systems to the same date range, and the totals still differ. I have to screenshot the source system next to yours in every exec review to prove the figure is right. Please advise.",End user,ACC-040
1235,2026-07-08 03:18:45,Okta integration help,"Hi team, Our IT team expected to configure SAML themselves, the same way they do for other tools. Is there documentation for the SAML attributes you expect? Rolling out to 211 new seats is on hold until SSO works. Please advise.",Admin,ACC-044
1236,2026-09-11 04:03:30,When was this data refreshed?,"Hi there. Yesterday the numbers looked stale for a few hours, and nobody knew whether the sync was still running. I can't tell when the Marketing Funnel dashboard last refreshed, so I don't know if it includes today's orders. Our execs asked twice this week whether the data was current. A simple ""last updated"" timestamp on each chart would save us a lot of back and forth. Please advise.",End user,ACC-030
1237,2026-06-22 19:12:24,Unexpected overage charge,"Following up on last week. I cannot find a usage breakdown that explains the overage. Finance wants a way to set a spending cap before the renewal conversation. Our invoice this month was 6% higher than last month, and nobody on our side changed anything. Please send a breakdown of the query volume by team. Please advise.",Admin,ACC-052
1238,2026-07-20 17:51:56,Sync status unclear,"Following up on last week. Our execs asked twice this week whether the data was current. Yesterday the numbers looked stale for a few hours, and nobody knew whether the sync was still running. Any update would help.",Admin,ACC-042
1239,2026-06-22 08:55:47,Dashboard totals are wrong,"Following up on last week. We filtered both systems to the same date range, and the totals still differ. I have to screenshot the source system next to yours in every exec review to prove the figure is right. Please advise.

Steps to reproduce:
1. Open the Executive Summary dashboard.
2. Set the range to ""Last 30 days"".
3. Compare the total with the source system.",End user,
1240,2026-06-14 14:56:36,Charts break in slides,"The PNG export is blurry on a projector, so we take screenshots instead. I rebuild the same 12 charts in PowerPoint every month for the board deck. When I export a chart to slides, the colors reset and the axis labels overlap. Any update would help.",Admin,ACC-035
1241,2026-08-18 01:52:00,Enable SAML for our workspace,"Following up on last week. Is there documentation for the SAML attributes you expect? Rolling out to 213 new seats is on hold until SSO works. We want to enable SSO with Okta, but the settings page says to contact support. Our IT team expected to configure SAML themselves, the same way they do for other tools. Thanks!",Executive,ACC-037
1242,2026-08-13 01:00:05,Access control request,"Hello, Can admins create groups and share a folder with a group instead of with each person? Our procurement team said this is a deal breaker for the renewal. We need to restrict the Pipeline dashboard to the finance team only. Right now anyone in the workspace can see salary data, which our security review flagged. Thanks in advance.",End user,ACC-004
1243,2026-09-19 15:52:19,Need team-level permissions,"Following up on last week. Right now anyone in the workspace can see salary data, which our security review flagged. We need to restrict the Pipeline dashboard to the finance team only. Our procurement team said this is a deal breaker for the renewal. Can admins create groups and share a folder with a group instead of with each person? Any update would help.",End user,ACC-047
1244,2026-06-28 12:43:15,Access control request,Following up on last week. Our procurement team said this is a deal breaker for the renewal. Can admins create groups and share a folder with a group instead of with each person? We need to restrict the Pipeline dashboard to the finance team only. Thanks!,Buyer,ACC-053
1245,2026-09-16 17:10:55,Sync status unclear,"Our execs asked twice this week whether the data was current. A simple ""last updated"" timestamp on each chart would save us a lot of back and forth. Yesterday the numbers looked stale for a few hours, and nobody knew whether the sync was still running. I can't tell when the Pipeline dashboard last refreshed, so I don't know if it includes today's orders. Any update would help.",End user,
1246,2026-08-29 23:21:39,Field mapping lost,"Our ops lead spends about 58 minutes per upload just clicking through the mapping screen. The mapping from last week is gone, even though the file has exactly the same headers. Could the app remember the mapping for a file with the same columns? Thanks in advance.",End user,ACC-047
1247,2026-06-01 06:23:57,Charts break in slides,Following up on last week. An SVG or high-resolution export would fix most of this. I rebuild the same 12 charts in PowerPoint every month for the board deck. Thanks in advance.,Admin,ACC-002
1248,2026-09-18 07:52:07,Charts break in slides,"Following up on last week. An SVG or high-resolution export would fix most of this. When I export a chart to slides, the colors reset and the axis labels overlap. The PNG export is blurry on a projector, so we take screenshots instead. I rebuild the same 9 charts in PowerPoint every month for the board deck. Any update would help.

Steps to reproduce:
1. Open the Weekly KPIs dashboard.
2. Set the range to ""Last 30 days"".
3. Compare the total with the source system.",Buyer,ACC-035
1249,2026-06-27 13:15:32,Import stuck at 0%,"Hi team, This blocks our weekly reporting, because the numbers are incomplete until someone notices. We had to split the file into smaller chunks by hand, which took most of the afternoon. Thanks!",End user,ACC-036
1250,2026-07-02 23:58:30,Numbers don't match Salesforce,"Quick question. I have to screenshot the source system next to yours in every exec review to prove the figure is right. Our finance team caught the mismatch during the monthly close, and now they do not trust any of the numbers.",Admin,ACC-035
1251,2026-08-24 15:54:59,CSV import failed,"Quick question. We had to split the file into smaller chunks by hand, which took most of the afternoon. The importer says ""Upload complete"", but half of the rows are missing from the table. This blocks our weekly reporting, because the numbers are incomplete until someone notices. If a row is malformed, please tell us which one, instead of silently dropping it. Please advise.",Admin,ACC-028
1252,2026-07-29 13:36:19,Invoice higher than expected,"Quick question. Our invoice this month was 20% higher than last month, and nobody on our side changed anything. I cannot find a usage breakdown that explains the overage. Thanks in advance.",End user,ACC-037
1253,2026-08-01 09:24:46,Revenue chart off by a few percent,"Quick question. Our finance team caught the mismatch during the monthly close, and now they do not trust any of the numbers. Is there a way to see which rows make up a total, so we can reconcile it ourselves? Any update would help.",Admin,ACC-017
1254,2026-06-20 23:45:43,Enable SAML for our workspace,"Following up on last week. Is there documentation for the SAML attributes you expect? Our IT team expected to configure SAML themselves, the same way they do for other tools. Rolling out to 207 new seats is on hold until SSO works. Loop in our billing contact, billing@northwind-analytics.com, on the reply. Thanks in advance.",Executive,
1255,2026-06-03 13:01:48,Access control request,Quick question. We need to restrict the Pipeline dashboard to the finance team only. Our procurement team said this is a deal breaker for the renewal. Any update would help.,Executive,ACC-014
1256,2026-07-06 16:01:19,Revenue chart off by a few percent,"Hi team, Our finance team caught the mismatch during the monthly close, and now they do not trust any of the numbers. We filtered both systems to the same date range, and the totals still differ. Any update would help.",Admin,ACC-005
1257,2026-07-28 15:01:14,Charts break in slides,"Hi team, I rebuild the same 15 charts in PowerPoint every month for the board deck. An SVG or high-resolution export would fix most of this. The PNG export is blurry on a projector, so we take screenshots instead.

Steps to reproduce:
1. Open the Executive Summary dashboard.
2. Set the range to ""Last 30 days"".
3. Compare the total with the source system.",Buyer,
1258,2026-07-28 01:43:33,Need team-level permissions,"Hello, We need to restrict the Revenue dashboard to the finance team only. Right now anyone in the workspace can see salary data, which our security review flagged. Can admins create groups and share a folder with a group instead of with each person? Our procurement team said this is a deal breaker for the renewal. Thanks in advance.",Admin,ACC-057
1259,2026-07-12 23:49:15,Export to PowerPoint loses formatting,"When I export a chart to slides, the colors reset and the axis labels overlap. I rebuild the same 4 charts in PowerPoint every month for the board deck. The PNG export is blurry on a projector, so we take screenshots instead. An SVG or high-resolution export would fix most of this. Please advise.",Buyer,ACC-019
1260,2026-08-09 03:43:54,Sync status unclear,"Quick question. Yesterday the numbers looked stale for a few hours, and nobody knew whether the sync was still running. A simple ""last updated"" timestamp on each chart would save us a lot of back and forth. I can't tell when the Marketing Funnel dashboard last refreshed, so I don't know if it includes today's orders. Our execs asked twice this week whether the data was current.",Buyer,ACC-012
1261,2026-09-05 10:13:47,Enable SAML for our workspace,"Hi there. Our IT team expected to configure SAML themselves, the same way they do for other tools. We want to enable SSO with Okta, but the settings page says to contact support.",End user,ACC-048
1262,2026-06-22 01:06:23,Invoice higher than expected,"Quick question. I cannot find a usage breakdown that explains the overage. Our invoice this month was 5% higher than last month, and nobody on our side changed anything. Please advise.",Admin,ACC-002
1263,2026-09-20 19:57:34,Mapping not saved,"Following up on last week. Every time we import the weekly export, we have to map all 34 columns again. Could the app remember the mapping for a file with the same columns? The mapping from last week is gone, even though the file has exactly the same headers. Our ops lead spends about 40 minutes per upload just clicking through the mapping screen. Thanks in advance.",Admin,ACC-041
1264,2026-07-10 08:57:05,Revenue chart off by a few percent,"Hello, Our finance team caught the mismatch during the monthly close, and now they do not trust any of the numbers. The revenue total on our Executive Summary dashboard is about 6% lower than what Salesforce shows for the same period. Any update would help.",Admin,ACC-040
1265,2026-06-29 23:25:16,Usage bill question,"Please send a breakdown of the query volume by team. Finance wants a way to set a spending cap before the renewal conversation. Our invoice this month was 8% higher than last month, and nobody on our side changed anything.",Admin,ACC-002
1266,2026-07-14 15:20:34,Numbers don't match Salesforce,"Hello, Our finance team caught the mismatch during the monthly close, and now they do not trust any of the numbers. The revenue total on our Marketing Funnel dashboard is about 12% lower than what Salesforce shows for the same period. We filtered both systems to the same date range, and the totals still differ.

Steps to reproduce:
1. Open the Pipeline dashboard.
2. Set the range to ""Last 30 days"".
3. Compare the total with the source system.",Executive,ACC-023
1267,2026-09-10 10:26:31,PNG export is blurry,"Hi there. I rebuild the same 7 charts in PowerPoint every month for the board deck. An SVG or high-resolution export would fix most of this. The PNG export is blurry on a projector, so we take screenshots instead. Thanks in advance.",Executive,ACC-009
1268,2026-08-19 12:10:48,Revenue chart off by a few percent,"Hello, I have to screenshot the source system next to yours in every exec review to prove the figure is right. The revenue total on our Marketing Funnel dashboard is about 15% lower than what Salesforce shows for the same period. We filtered both systems to the same date range, and the totals still differ. Our finance team caught the mismatch during the monthly close, and now they do not trust any of the numbers.",Admin,ACC-010
1269,2026-08-13 17:14:15,Okta integration help,"Our IT team expected to configure SAML themselves, the same way they do for other tools. Is there documentation for the SAML attributes you expect? We want to enable SSO with Okta, but the settings page says to contact support. Rolling out to 136 new seats is on hold until SSO works. Any update would help.",Buyer,
1270,2026-06-24 12:59:55,Field mapping lost,"The mapping from last week is gone, even though the file has exactly the same headers. Every time we import the weekly export, we have to map all 21 columns again. Thanks in advance.",End user,ACC-033
1271,2026-07-27 07:53:30,Need team-level permissions,Quick question. Can admins create groups and share a folder with a group instead of with each person? Our procurement team said this is a deal breaker for the renewal. Thanks in advance.,Buyer,ACC-047
1272,2026-07-24 03:22:22,PNG export is blurry,Following up on last week. I rebuild the same 9 charts in PowerPoint every month for the board deck. An SVG or high-resolution export would fix most of this.,End user,ACC-013
1273,2026-06-14 04:13:15,Restrict dashboards by team,"Hello, Can admins create groups and share a folder with a group instead of with each person? Right now anyone in the workspace can see salary data, which our security review flagged. We need to restrict the Weekly KPIs dashboard to the finance team only. Our procurement team said this is a deal breaker for the renewal.",End user,ACC-001
1274,2026-07-01 10:30:37,Okta integration help,"Hello, We want to enable SSO with Okta, but the settings page says to contact support. Is there documentation for the SAML attributes you expect?",Executive,ACC-016
1275,2026-07-28 16:17:22,Invoice higher than expected,"Finance wants a way to set a spending cap before the renewal conversation. Our invoice this month was 13% higher than last month, and nobody on our side changed anything. Any update would help.

Steps to reproduce:
1. Open the Weekly KPIs dashboard.
2. Set the range to ""Last 30 days"".
3. Compare the total with the source system.",End user,ACC-049
1276,2026-07-26 05:33:10,Export to PowerPoint loses formatting,"Hi there. An SVG or high-resolution export would fix most of this. The PNG export is blurry on a projector, so we take screenshots instead. Any update would help.",End user,ACC-023
1277,2026-08-14 21:14:31,Okta integration help,"Hi there. Rolling out to 139 new seats is on hold until SSO works. Is there documentation for the SAML attributes you expect? We want to enable SSO with Okta, but the settings page says to contact support. Thanks in advance.",Admin,ACC-038
1278,2026-07-20 00:56:06,Okta integration help,"Following up on last week. We want to enable SSO with Okta, but the settings page says to contact support. Is there documentation for the SAML attributes you expect? Our IT team expected to configure SAML themselves, the same way they do for other tools. Thanks in advance.",Admin,ACC-054
1279,2026-07-21 01:38:21,Charts break in slides,"Following up on last week. An SVG or high-resolution export would fix most of this. When I export a chart to slides, the colors reset and the axis labels overlap. Thanks!",Admin,ACC-014
1280,2026-09-11 10:36:10,Access control request,"Hello, Our procurement team said this is a deal breaker for the renewal. Right now anyone in the workspace can see salary data, which our security review flagged. We need to restrict the Revenue dashboard to the finance team only. Thanks!",End user,ACC-047
1281,2026-08-28 09:57:56,Usage bill question,I cannot find a usage breakdown that explains the overage. Finance wants a way to set a spending cap before the renewal conversation. Thanks!,Buyer,
1282,2026-06-26 07:50:00,Charts break in slides,"Hi team, When I export a chart to slides, the colors reset and the axis labels overlap. I rebuild the same 8 charts in PowerPoint every month for the board deck. An SVG or high-resolution export would fix most of this.",End user,ACC-012
1283,2026-08-30 11:33:49,PNG export is blurry,"The PNG export is blurry on a projector, so we take screenshots instead. I rebuild the same 8 charts in PowerPoint every month for the board deck. An SVG or high-resolution export would fix most of this. When I export a chart to slides, the colors reset and the axis labels overlap. Thanks!",End user,ACC-045
1284,2026-08-11 01:29:24,Stale data on the home dashboard,"Hi there. A simple ""last updated"" timestamp on each chart would save us a lot of back and forth. Our execs asked twice this week whether the data was current. I can't tell when the Weekly KPIs dashboard last refreshed, so I don't know if it includes today's orders.

Steps to reproduce:
1. Open the Churn dashboard.
2. Set the range to ""Last 30 days"".
3. Compare the total with the source system.",End user,ACC-028
1285,2026-07-23 12:45:11,Invoice higher than expected,"I cannot find a usage breakdown that explains the overage. Our invoice this month was 15% higher than last month, and nobody on our side changed anything. Any update would help.",End user,ACC-027
1286,2026-08-24 12:09:06,Restrict dashboards by team,"Hi team, Our procurement team said this is a deal breaker for the renewal. Can admins create groups and share a folder with a group instead of with each person? We need to restrict the Weekly KPIs dashboard to the finance team only. Any update would help.",Admin,ACC-042
1287,2026-06-24 17:47:11,Access control request,"Quick question. Our procurement team said this is a deal breaker for the renewal. Right now anyone in the workspace can see salary data, which our security review flagged. Can admins create groups and share a folder with a group instead of with each person? Please advise.",End user,ACC-040
1288,2026-08-21 07:07:22,Dashboard totals are wrong,"Quick question. I have to screenshot the source system next to yours in every exec review to prove the figure is right. Is there a way to see which rows make up a total, so we can reconcile it ourselves?",End user,ACC-034
1289,2026-07-06 07:56:42,SSO setup,"Hello, We want to enable SSO with Okta, but the settings page says to contact support. Our IT team expected to configure SAML themselves, the same way they do for other tools. Is there documentation for the SAML attributes you expect? Thanks in advance.",End user,ACC-028
1290,2026-07-16 02:53:28,Dashboard totals are wrong,"Hi team, We filtered both systems to the same date range, and the totals still differ. The revenue total on our Pipeline dashboard is about 3% lower than what Salesforce shows for the same period. Is there a way to see which rows make up a total, so we can reconcile it ourselves? Please advise.",Admin,ACC-026
1291,2026-08-01 05:23:07,Sync status unclear,"Hello, Our execs asked twice this week whether the data was current. A simple ""last updated"" timestamp on each chart would save us a lot of back and forth. Yesterday the numbers looked stale for a few hours, and nobody knew whether the sync was still running. Thanks!",End user,ACC-010
1292,2026-09-17 15:09:45,Numbers don't match Salesforce,"Hi team, I have to screenshot the source system next to yours in every exec review to prove the figure is right. Is there a way to see which rows make up a total, so we can reconcile it ourselves? We filtered both systems to the same date range, and the totals still differ. The revenue total on our Weekly KPIs dashboard is about 19% lower than what Salesforce shows for the same period. Please advise.",End user,
1293,2026-06-14 04:24:11,SSO setup,"Our IT team expected to configure SAML themselves, the same way they do for other tools. We want to enable SSO with Okta, but the settings page says to contact support. Is there documentation for the SAML attributes you expect? Rolling out to 283 new seats is on hold until SSO works. Thanks in advance.

Steps to reproduce:
1. Open the Revenue dashboard.
2. Set the range to ""Last 30 days"".
3. Compare the total with the source system.",End user,ACC-029
1294,2026-09-05 14:03:02,Mapping not saved,"Hi there. Our ops lead spends about 13 minutes per upload just clicking through the mapping screen. Every time we import the weekly export, we have to map all 26 columns again. The mapping from last week is gone, even though the file has exactly the same headers. Could the app remember the mapping for a file with the same columns? Thanks in advance.",End user,ACC-002
1295,2026-07-25 18:49:44,Okta integration help,"Hi there. Our IT team expected to configure SAML themselves, the same way they do for other tools. Is there documentation for the SAML attributes you expect? We tried paying the overage with card 4111 1111 1111 1111, and it was declined. Thanks in advance.",End user,ACC-005
1296,2026-09-06 15:40:07,Have to remap columns every time,"Following up on last week. Every time we import the weekly export, we have to map all 8 columns again. Could the app remember the mapping for a file with the same columns? Our ops lead spends about 44 minutes per upload just clicking through the mapping screen. The mapping from last week is gone, even though the file has exactly the same headers. Thanks in advance.",Executive,ACC-052
1297,2026-07-14 20:10:55,Stale data on the home dashboard,"Hi team, Yesterday the numbers looked stale for a few hours, and nobody knew whether the sync was still running. Our execs asked twice this week whether the data was current. A simple ""last updated"" timestamp on each chart would save us a lot of back and forth. Please advise.",Executive,ACC-052
1298,2026-07-01 21:07:42,Sync status unclear,"Quick question. I can't tell when the Churn dashboard last refreshed, so I don't know if it includes today's orders. Yesterday the numbers looked stale for a few hours, and nobody knew whether the sync was still running. Any update would help.",Admin,ACC-032
1299,2026-06-05 20:35:49,Stale data on the home dashboard,"Hi there. A simple ""last updated"" timestamp on each chart would save us a lot of back and forth. I can't tell when the Weekly KPIs dashboard last refreshed, so I don't know if it includes today's orders. Yesterday the numbers looked stale for a few hours, and nobody knew whether the sync was still running. Thanks in advance.",End user,ACC-059
1300,2026-09-08 07:22:36,Okta integration help,"Hi team, Our IT team expected to configure SAML themselves, the same way they do for other tools. Rolling out to 87 new seats is on hold until SSO works. Thanks in advance.",End user,ACC-009
1301,2026-07-03 14:47:06,Invoice higher than expected,"Hi team, Our invoice this month was 6% higher than last month, and nobody on our side changed anything. Finance wants a way to set a spending cap before the renewal conversation. Please send a breakdown of the query volume by team.",End user,ACC-004
1302,2026-08-28 09:09:17,Usage bill question,"Quick question. Our invoice this month was 9% higher than last month, and nobody on our side changed anything. I cannot find a usage breakdown that explains the overage. Please send a breakdown of the query volume by team. Finance wants a way to set a spending cap before the renewal conversation. Thanks in advance.

Steps to reproduce:
1. Open the Churn dashboard.
2. Set the range to ""Last 30 days"".
3. Compare the total with the source system.",Admin,ACC-023
1303,2026-06-28 13:55:54,PNG export is blurry,"Hi there. When I export a chart to slides, the colors reset and the axis labels overlap. The PNG export is blurry on a projector, so we take screenshots instead. I rebuild the same 9 charts in PowerPoint every month for the board deck. An SVG or high-resolution export would fix most of this. Thanks!",Admin,ACC-035
1304,2026-09-14 13:43:10,CSV import failed,"Following up on last week. This blocks our weekly reporting, because the numbers are incomplete until someone notices. I uploaded a CSV with 2700 rows and only part of it came through, with no error message. Thanks!",End user,ACC-052
1305,2026-08-07 23:16:05,When was this data refreshed?,"Hi there. I can't tell when the Marketing Funnel dashboard last refreshed, so I don't know if it includes today's orders. A simple ""last updated"" timestamp on each chart would save us a lot of back and forth.",End user,ACC-051
1306,2026-07-24 11:32:23,Revenue chart off by a few percent,"Following up on last week. Our finance team caught the mismatch during the monthly close, and now they do not trust any of the numbers. The revenue total on our Marketing Funnel dashboard is about 11% lower than what Salesforce shows for the same period. Thanks in advance.",Admin,ACC-055
1307,2026-07-02 06:33:04,Usage bill question,"Quick question. I cannot find a usage breakdown that explains the overage. Please send a breakdown of the query volume by team. Our invoice this month was 5% higher than last month, and nobody on our side changed anything. Finance wants a way to set a spending cap before the renewal conversation. Any update would help.",Admin,ACC-041
1308,2026-06-18 07:58:40,Field mapping lost,"Hi team, Every time we import the weekly export, we have to map all 11 columns again. Could the app remember the mapping for a file with the same columns? Our ops lead spends about 12 minutes per upload just clicking through the mapping screen. The mapping from last week is gone, even though the file has exactly the same headers.",End user,ACC-033
1309,2026-07-17 22:46:56,Charts break in slides,"An SVG or high-resolution export would fix most of this. I rebuild the same 5 charts in PowerPoint every month for the board deck. When I export a chart to slides, the colors reset and the axis labels overlap. Thanks in advance.",End user,ACC-006
1310,2026-06-01 02:41:59,Export to PowerPoint loses formatting,"Hi there. I rebuild the same 10 charts in PowerPoint every month for the board deck. When I export a chart to slides, the colors reset and the axis labels overlap. Please advise.",End user,ACC-035
1311,2026-06-04 13:09:36,Revenue chart off by a few percent,"Quick question. The revenue total on our Pipeline dashboard is about 14% lower than what Salesforce shows for the same period. Our finance team caught the mismatch during the monthly close, and now they do not trust any of the numbers. Any update would help.

Steps to reproduce:
1. Open the Revenue dashboard.
2. Set the range to ""Last 30 days"".
3. Compare the total with the source system.",Buyer,ACC-036
1312,2026-09-03 06:00:56,When was this data refreshed?,"Hi there. Our execs asked twice this week whether the data was current. Yesterday the numbers looked stale for a few hours, and nobody knew whether the sync was still running. Thanks!",End user,ACC-005
1313,2026-07-27 07:45:59,Access control request,Hi there. Can admins create groups and share a folder with a group instead of with each person? We need to restrict the Revenue dashboard to the finance team only. Any update would help.,End user,ACC-055
1314,2026-08-02 17:49:19,Restrict dashboards by team,"Following up on last week. Right now anyone in the workspace can see salary data, which our security review flagged. We need to restrict the Revenue dashboard to the finance team only. Our procurement team said this is a deal breaker for the renewal. Please advise.",Admin,ACC-059
1315,2026-06-12 01:59:07,Need team-level permissions,"Hi there. Right now anyone in the workspace can see salary data, which our security review flagged. Can admins create groups and share a folder with a group instead of with each person? We need to restrict the Revenue dashboard to the finance team only.",End user,ACC-032
1316,2026-08-17 01:20:49,Upload rejected with no reason,"This blocks our weekly reporting, because the numbers are incomplete until someone notices. I uploaded a CSV with 6400 rows and only part of it came through, with no error message. If a row is malformed, please tell us which one, instead of silently dropping it. Please advise.",Admin,ACC-026
1317,2026-07-07 13:15:08,Numbers don't match Salesforce,"Hi team, Our finance team caught the mismatch during the monthly close, and now they do not trust any of the numbers. The revenue total on our Revenue dashboard is about 19% lower than what Salesforce shows for the same period. I have to screenshot the source system next to yours in every exec review to prove the figure is right. Thanks in advance.",End user,ACC-022
1318,2026-07-01 18:37:43,Access control request,"Hello, We need to restrict the Marketing Funnel dashboard to the finance team only. Can admins create groups and share a folder with a group instead of with each person? Right now anyone in the workspace can see salary data, which our security review flagged.",Executive,ACC-003
1319,2026-07-30 09:36:28,Import stuck at 0%,"This blocks our weekly reporting, because the numbers are incomplete until someone notices. I uploaded a CSV with 3900 rows and only part of it came through, with no error message. Thanks!",Buyer,ACC-051
1320,2026-06-20 01:59:33,Stale data on the home dashboard,"Hi there. A simple ""last updated"" timestamp on each chart would save us a lot of back and forth. Our execs asked twice this week whether the data was current. Yesterday the numbers looked stale for a few hours, and nobody knew whether the sync was still running. I can't tell when the Marketing Funnel dashboard last refreshed, so I don't know if it includes today's orders. Please advise.

Steps to reproduce:
1. Open the Revenue dashboard.
2. Set the range to ""Last 30 days"".
3. Compare the total with the source system.",Admin,ACC-037
1321,2026-06-13 16:56:42,Charts break in slides,"Hi team, An SVG or high-resolution export would fix most of this. The PNG export is blurry on a projector, so we take screenshots instead. I rebuild the same 4 charts in PowerPoint every month for the board deck. When I export a chart to slides, the colors reset and the axis labels overlap. Thanks!",End user,ACC-043
1322,2026-07-15 23:07:45,Import stuck at 0%,"Hello, I uploaded a CSV with 7600 rows and only part of it came through, with no error message. If a row is malformed, please tell us which one, instead of silently dropping it. Please advise.",End user,ACC-050
1323,2026-08-24 14:33:35,Export to PowerPoint loses formatting,"Quick question. The PNG export is blurry on a projector, so we take screenshots instead. An SVG or high-resolution export would fix most of this. I rebuild the same 15 charts in PowerPoint every month for the board deck. When I export a chart to slides, the colors reset and the axis labels overlap. Please advise.",End user,ACC-044
1324,2026-09-13 14:40:15,Enable SAML for our workspace,"Rolling out to 299 new seats is on hold until SSO works. We want to enable SSO with Okta, but the settings page says to contact support.",End user,ACC-043
1325,2026-06-01 13:47:48,Have to remap columns every time,"Hi team, Our ops lead spends about 51 minutes per upload just clicking through the mapping screen. Could the app remember the mapping for a file with the same columns? Every time we import the weekly export, we have to map all 14 columns again. The mapping from last week is gone, even though the file has exactly the same headers. Please advise.",End user,ACC-016
1326,2026-06-21 05:46:16,Import stuck at 0%,"Following up on last week. We had to split the file into smaller chunks by hand, which took most of the afternoon. I uploaded a CSV with 1400 rows and only part of it came through, with no error message. Thanks!",Admin,ACC-023
1327,2026-08-05 05:57:51,When was this data refreshed?,"A simple ""last updated"" timestamp on each chart would save us a lot of back and forth. Yesterday the numbers looked stale for a few hours, and nobody knew whether the sync was still running. Our execs asked twice this week whether the data was current. Thanks in advance.",Executive,
1328,2026-08-12 14:47:30,SSO setup,"Hi team, We want to enable SSO with Okta, but the settings page says to contact support. Rolling out to 78 new seats is on hold until SSO works. Please advise.",Admin,ACC-008
1329,2026-06-15 18:41:26,Upload rejected with no reason,"Hi there. If a row is malformed, please tell us which one, instead of silently dropping it. This blocks our weekly reporting, because the numbers are incomplete until someone notices. We had to split the file into smaller chunks by hand, which took most of the afternoon. I uploaded a CSV with 9300 rows and only part of it came through, with no error message. Any update would help.

Steps to reproduce:
1. Open the Weekly KPIs dashboard.
2. Set the range to ""Last 30 days"".
3. Compare the total with the source system.",Executive,
1330,2026-06-17 19:35:17,Okta integration help,"Following up on last week. We want to enable SSO with Okta, but the settings page says to contact support. Rolling out to 406 new seats is on hold until SSO works. Please advise.",End user,ACC-002
1331,2026-06-18 08:10:56,PNG export is blurry,"Quick question. When I export a chart to slides, the colors reset and the axis labels overlap. The PNG export is blurry on a projector, so we take screenshots instead. An SVG or high-resolution export would fix most of this. Please advise.",Buyer,ACC-051
1332,2026-08-07 21:22:39,Import stuck at 0%,"The importer says ""Upload complete"", but half of the rows are missing from the table. This blocks our weekly reporting, because the numbers are incomplete until someone notices.",End user,ACC-012
1333,2026-08-19 09:07:25,CSV import failed,"We had to split the file into smaller chunks by hand, which took most of the afternoon. I uploaded a CSV with 4600 rows and only part of it came through, with no error message. The importer says ""Upload complete"", but half of the rows are missing from the table. Thanks in advance.",Admin,ACC-033
1334,2026-08-20 16:03:53,Sync status unclear,"Hi there. Our execs asked twice this week whether the data was current. A simple ""last updated"" timestamp on each chart would save us a lot of back and forth. Thanks!",End user,ACC-023
1335,2026-08-05 09:08:03,Sync status unclear,"Following up on last week. A simple ""last updated"" timestamp on each chart would save us a lot of back and forth. I can't tell when the Churn dashboard last refreshed, so I don't know if it includes today's orders.",Admin,
1336,2026-06-08 14:06:29,Unexpected overage charge,Finance wants a way to set a spending cap before the renewal conversation. I cannot find a usage breakdown that explains the overage. Please send a breakdown of the query volume by team. Call me at (212) 555-0147 if a screen share is easier. Thanks!,Buyer,ACC-001
1337,2026-08-17 13:44:05,Access control request,Quick question. We need to restrict the Weekly KPIs dashboard to the finance team only. Can admins create groups and share a folder with a group instead of with each person?,Buyer,ACC-031
1338,2026-09-04 07:19:09,Have to remap columns every time,"Quick question. Our ops lead spends about 10 minutes per upload just clicking through the mapping screen. Every time we import the weekly export, we have to map all 34 columns again.

Steps to reproduce:
1. Open the Pipeline dashboard.
2. Set the range to ""Last 30 days"".
3. Compare the total with the source system.",Admin,ACC-029
1339,2026-07-17 08:40:29,Import stuck at 0%,"Hi there. The importer says ""Upload complete"", but half of the rows are missing from the table. We had to split the file into smaller chunks by hand, which took most of the afternoon. This blocks our weekly reporting, because the numbers are incomplete until someone notices. I uploaded a CSV with 6400 rows and only part of it came through, with no error message. Any update would help.",End user,ACC-034
1340,2026-08-01 05:21:02,Revenue chart off by a few percent,"Quick question. Is there a way to see which rows make up a total, so we can reconcile it ourselves? Our finance team caught the mismatch during the monthly close, and now they do not trust any of the numbers. The revenue total on our Weekly KPIs dashboard is about 9% lower than what Salesforce shows for the same period. We filtered both systems to the same date range, and the totals still differ. Thanks!",Executive,ACC-042
1341,2026-09-05 16:42:59,Charts break in slides,"Following up on last week. When I export a chart to slides, the colors reset and the axis labels overlap. The PNG export is blurry on a projector, so we take screenshots instead. An SVG or high-resolution export would fix most of this. I rebuild the same 4 charts in PowerPoint every month for the board deck.",Admin,ACC-014
1342,2026-06-29 04:34:17,Upload rejected with no reason,"Hi team, We had to split the file into smaller chunks by hand, which took most of the afternoon. I uploaded a CSV with 7300 rows and only part of it came through, with no error message. The importer says ""Upload complete"", but half of the rows are missing from the table. This blocks our weekly reporting, because the numbers are incomplete until someone notices.",End user,ACC-026
1343,2026-06-09 18:16:18,Okta integration help,"Our IT team expected to configure SAML themselves, the same way they do for other tools. Rolling out to 258 new seats is on hold until SSO works. We want to enable SSO with Okta, but the settings page says to contact support. Thanks in advance.",End user,
1344,2026-08-06 01:36:01,When was this data refreshed?,"Hi team, I can't tell when the Pipeline dashboard last refreshed, so I don't know if it includes today's orders. Our execs asked twice this week whether the data was current.",Executive,ACC-021
1345,2026-08-27 20:56:24,Revenue chart off by a few percent,"Hi there. We filtered both systems to the same date range, and the totals still differ. I have to screenshot the source system next to yours in every exec review to prove the figure is right. Our finance team caught the mismatch during the monthly close, and now they do not trust any of the numbers. Is there a way to see which rows make up a total, so we can reconcile it ourselves? Please advise.",Admin,
1346,2026-06-24 23:05:04,Export to PowerPoint loses formatting,"Hello, The PNG export is blurry on a projector, so we take screenshots instead. When I export a chart to slides, the colors reset and the axis labels overlap. Please advise.",End user,
1347,2026-08-28 16:25:46,CSV import failed,"Hi team, This blocks our weekly reporting, because the numbers are incomplete until someone notices. The importer says ""Upload complete"", but half of the rows are missing from the table. We had to split the file into smaller chunks by hand, which took most of the afternoon. I uploaded a CSV with 5400 rows and only part of it came through, with no error message. Any update would help.

Steps to reproduce:
1. Open the Marketing Funnel dashboard.
2. Set the range to ""Last 30 days"".
3. Compare the total with the source system.",Admin,ACC-010
1348,2026-08-15 04:16:45,Charts break in slides,"Quick question. The PNG export is blurry on a projector, so we take screenshots instead. When I export a chart to slides, the colors reset and the axis labels overlap.",Admin,ACC-054
1349,2026-08-10 22:41:36,Sync status unclear,"Hi there. I can't tell when the Churn dashboard last refreshed, so I don't know if it includes today's orders. Yesterday the numbers looked stale for a few hours, and nobody knew whether the sync was still running. Please advise.",End user,ACC-052
1350,2026-06-14 18:44:02,SSO setup,"Quick question. Is there documentation for the SAML attributes you expect? Our IT team expected to configure SAML themselves, the same way they do for other tools. We want to enable SSO with Okta, but the settings page says to contact support.",Admin,ACC-059
1351,2026-08-09 21:38:03,Mapping not saved,"Hi there. Could the app remember the mapping for a file with the same columns? Every time we import the weekly export, we have to map all 16 columns again. Our ops lead spends about 49 minutes per upload just clicking through the mapping screen.",Admin,ACC-030
1352,2026-08-23 11:58:39,Usage bill question,"Our invoice this month was 6% higher than last month, and nobody on our side changed anything. I cannot find a usage breakdown that explains the overage. Please send a breakdown of the query volume by team. Thanks in advance.",Admin,ACC-022
1353,2026-09-11 23:46:25,Mapping not saved,"Quick question. Our ops lead spends about 20 minutes per upload just clicking through the mapping screen. The mapping from last week is gone, even though the file has exactly the same headers. Please advise.",Admin,ACC-046
1354,2026-06-12 10:28:08,Usage bill question,"Hi there. Our invoice this month was 19% higher than last month, and nobody on our side changed anything. I cannot find a usage breakdown that explains the overage. Please send a breakdown of the query volume by team. Thanks!",End user,ACC-017
1355,2026-07-24 18:28:11,Okta integration help,"Following up on last week. Our IT team expected to configure SAML themselves, the same way they do for other tools. Rolling out to 254 new seats is on hold until SSO works. We want to enable SSO with Okta, but the settings page says to contact support. Is there documentation for the SAML attributes you expect? Please advise.",Admin,ACC-047
1356,2026-08-22 19:12:23,Enable SAML for our workspace,"Hi team, Rolling out to 119 new seats is on hold until SSO works. Is there documentation for the SAML attributes you expect? Please advise.

Steps to reproduce:
1. Open the Weekly KPIs dashboard.
2. Set the range to ""Last 30 days"".
3. Compare the total with the source system.",End user,ACC-057
1357,2026-06-27 12:20:08,Enable SAML for our workspace,"Hello, We want to enable SSO with Okta, but the settings page says to contact support. Our IT team expected to configure SAML themselves, the same way they do for other tools. Is there documentation for the SAML attributes you expect? Thanks in advance.",End user,ACC-007
1358,2026-07-05 17:41:35,PNG export is blurry,"Quick question. When I export a chart to slides, the colors reset and the axis labels overlap. I rebuild the same 6 charts in PowerPoint every month for the board deck. Thanks!",Admin,ACC-004
1359,2026-08-25 15:42:41,Invoice higher than expected,Hi there. I cannot find a usage breakdown that explains the overage. Please send a breakdown of the query volume by team. Finance wants a way to set a spending cap before the renewal conversation. Thanks!,Admin,
1360,2026-08-14 08:55:52,Revenue chart off by a few percent,"Following up on last week. Is there a way to see which rows make up a total, so we can reconcile it ourselves? Our finance team caught the mismatch during the monthly close, and now they do not trust any of the numbers.",End user,ACC-058
1361,2026-06-12 17:12:51,Enable SAML for our workspace,"Hi there. Is there documentation for the SAML attributes you expect? Our IT team expected to configure SAML themselves, the same way they do for other tools. Please advise.",Buyer,ACC-024
1362,2026-09-02 08:29:52,Numbers don't match Salesforce,"Quick question. I have to screenshot the source system next to yours in every exec review to prove the figure is right. Is there a way to see which rows make up a total, so we can reconcile it ourselves? The revenue total on our Marketing Funnel dashboard is about 13% lower than what Salesforce shows for the same period. Our finance team caught the mismatch during the monthly close, and now they do not trust any of the numbers. Please advise.",End user,ACC-002
1363,2026-07-04 02:18:18,Enable SAML for our workspace,"Hi there. Rolling out to 247 new seats is on hold until SSO works. We want to enable SSO with Okta, but the settings page says to contact support. Our IT team expected to configure SAML themselves, the same way they do for other tools. Please advise.",Executive,ACC-038
1364,2026-09-11 00:19:37,Mapping not saved,"Following up on last week. The mapping from last week is gone, even though the file has exactly the same headers. Every time we import the weekly export, we have to map all 34 columns again. Thanks!",Buyer,ACC-009
1365,2026-06-23 02:42:17,Usage bill question,"I cannot find a usage breakdown that explains the overage. Please send a breakdown of the query volume by team. Finance wants a way to set a spending cap before the renewal conversation. Any update would help.

Steps to reproduce:
1. Open the Executive Summary dashboard.
2. Set the range to ""Last 30 days"".
3. Compare the total with the source system.",Admin,ACC-030
1366,2026-06-28 21:48:20,Have to remap columns every time,"Hello, The mapping from last week is gone, even though the file has exactly the same headers. Could the app remember the mapping for a file with the same columns? Thanks!",Executive,ACC-021
1367,2026-09-11 00:44:06,Numbers don't match Salesforce,"The revenue total on our Executive Summary dashboard is about 15% lower than what Salesforce shows for the same period. I have to screenshot the source system next to yours in every exec review to prove the figure is right. We filtered both systems to the same date range, and the totals still differ. Please advise.",Executive,
1368,2026-08-27 13:54:53,Stale data on the home dashboard,"Hi team, A simple ""last updated"" timestamp on each chart would save us a lot of back and forth. Yesterday the numbers looked stale for a few hours, and nobody knew whether the sync was still running. Our execs asked twice this week whether the data was current. I can't tell when the Churn dashboard last refreshed, so I don't know if it includes today's orders. Please advise.",End user,ACC-042
1369,2026-06-05 03:10:32,Numbers don't match Salesforce,"Hi there. We filtered both systems to the same date range, and the totals still differ. Is there a way to see which rows make up a total, so we can reconcile it ourselves? Our finance team caught the mismatch during the monthly close, and now they do not trust any of the numbers. Thanks in advance.",End user,ACC-021
1370,2026-07-14 10:25:53,Have to remap columns every time,"Quick question. Our ops lead spends about 47 minutes per upload just clicking through the mapping screen. The mapping from last week is gone, even though the file has exactly the same headers. Every time we import the weekly export, we have to map all 8 columns again.",Executive,ACC-053
1371,2026-07-15 11:47:58,Usage bill question,"Our invoice this month was 12% higher than last month, and nobody on our side changed anything. I cannot find a usage breakdown that explains the overage. Please send a breakdown of the query volume by team. Finance wants a way to set a spending cap before the renewal conversation. Any update would help.",Admin,ACC-011
1372,2026-06-06 12:19:49,Stale data on the home dashboard,"Yesterday the numbers looked stale for a few hours, and nobody knew whether the sync was still running. A simple ""last updated"" timestamp on each chart would save us a lot of back and forth. Thanks in advance.",Admin,ACC-049
1373,2026-07-20 18:28:26,PNG export is blurry,An SVG or high-resolution export would fix most of this. I rebuild the same 7 charts in PowerPoint every month for the board deck. Please advise.,Admin,
1374,2026-08-13 01:45:20,Dashboard totals are wrong,"Is there a way to see which rows make up a total, so we can reconcile it ourselves? I have to screenshot the source system next to yours in every exec review to prove the figure is right. Thanks in advance.

Steps to reproduce:
1. Open the Revenue dashboard.
2. Set the range to ""Last 30 days"".
3. Compare the total with the source system.",End user,ACC-048
1375,2026-07-11 16:29:02,Usage bill question,"Please send a breakdown of the query volume by team. I cannot find a usage breakdown that explains the overage. Finance wants a way to set a spending cap before the renewal conversation. Our invoice this month was 5% higher than last month, and nobody on our side changed anything. Any update would help.",Executive,
1376,2026-06-24 14:33:49,Import stuck at 0%,"Hi team, If a row is malformed, please tell us which one, instead of silently dropping it. I uploaded a CSV with 4600 rows and only part of it came through, with no error message. This blocks our weekly reporting, because the numbers are incomplete until someone notices. The importer says ""Upload complete"", but half of the rows are missing from the table.",End user,ACC-002
1377,2026-07-11 22:01:38,PNG export is blurry,"Hello, I rebuild the same 14 charts in PowerPoint every month for the board deck. An SVG or high-resolution export would fix most of this. Call me at (212) 555-0147 if a screen share is easier. Any update would help.",Admin,ACC-056
1378,2026-06-25 03:52:57,When was this data refreshed?,"Following up on last week. Our execs asked twice this week whether the data was current. A simple ""last updated"" timestamp on each chart would save us a lot of back and forth. Thanks!",End user,ACC-012
1379,2026-08-06 20:35:33,Stale data on the home dashboard,"Following up on last week. Our execs asked twice this week whether the data was current. I can't tell when the Churn dashboard last refreshed, so I don't know if it includes today's orders. Thanks in advance.",End user,ACC-032
1380,2026-07-25 15:04:25,Enable SAML for our workspace,"Quick question. Our IT team expected to configure SAML themselves, the same way they do for other tools. We want to enable SSO with Okta, but the settings page says to contact support. Is there documentation for the SAML attributes you expect? Rolling out to 275 new seats is on hold until SSO works.",End user,
1381,2026-08-13 05:47:56,PNG export is blurry,"Following up on last week. The PNG export is blurry on a projector, so we take screenshots instead. When I export a chart to slides, the colors reset and the axis labels overlap. An SVG or high-resolution export would fix most of this. Please advise.",Admin,ACC-015
1382,2026-08-11 05:52:11,Access control request,"Can admins create groups and share a folder with a group instead of with each person? Our procurement team said this is a deal breaker for the renewal. Right now anyone in the workspace can see salary data, which our security review flagged. We need to restrict the Pipeline dashboard to the finance team only. Any update would help.",Admin,
1383,2026-07-12 11:30:05,Enable SAML for our workspace,"Hi team, Rolling out to 27 new seats is on hold until SSO works. We want to enable SSO with Okta, but the settings page says to contact support. Is there documentation for the SAML attributes you expect? Thanks!

Steps to reproduce:
1. Open the Marketing Funnel dashboard.
2. Set the range to ""Last 30 days"".
3. Compare the total with the source system.",End user,ACC-020
1384,2026-06-17 06:39:40,Charts break in slides,"Hello, The PNG export is blurry on a projector, so we take screenshots instead. An SVG or high-resolution export would fix most of this. Thanks!",End user,ACC-050
1385,2026-09-14 13:48:14,CSV import failed,"Hi there. We had to split the file into smaller chunks by hand, which took most of the afternoon. If a row is malformed, please tell us which one, instead of silently dropping it. I uploaded a CSV with 8500 rows and only part of it came through, with no error message. Thanks!",Buyer,ACC-018
1386,2026-07-21 13:05:38,Unexpected overage charge,"I cannot find a usage breakdown that explains the overage. Our invoice this month was 11% higher than last month, and nobody on our side changed anything. Finance wants a way to set a spending cap before the renewal conversation. Any update would help.",Admin,ACC-031
1387,2026-06-05 18:46:25,Revenue chart off by a few percent,"Hi there. Our finance team caught the mismatch during the monthly close, and now they do not trust any of the numbers. We filtered both systems to the same date range, and the totals still differ. The revenue total on our Churn dashboard is about 18% lower than what Salesforce shows for the same period. Any update would help.",End user,ACC-014
1388,2026-09-17 19:53:07,Enable SAML for our workspace,"Hello, We want to enable SSO with Okta, but the settings page says to contact support. Rolling out to 412 new seats is on hold until SSO works. Our IT team expected to configure SAML themselves, the same way they do for other tools. Thanks!",Admin,ACC-047
1389,2026-08-17 18:51:50,Stale data on the home dashboard,"Quick question. A simple ""last updated"" timestamp on each chart would save us a lot of back and forth. I can't tell when the Pipeline dashboard last refreshed, so I don't know if it includes today's orders. Any update would help.",End user,ACC-044
1390,2026-09-10 17:00:56,Restrict dashboards by team,"Hi team, We need to restrict the Marketing Funnel dashboard to the finance team only. Right now anyone in the workspace can see salary data, which our security review flagged. Any update would help.",Buyer,ACC-014
1391,2026-06-10 18:58:33,CSV import failed,"Following up on last week. This blocks our weekly reporting, because the numbers are incomplete until someone notices. The importer says ""Upload complete"", but half of the rows are missing from the table. I uploaded a CSV with 4000 rows and only part of it came through, with no error message. If a row is malformed, please tell us which one, instead of silently dropping it. Thanks!",End user,ACC-060
1392,2026-08-05 03:39:13,Enable SAML for our workspace,"Hi there. We want to enable SSO with Okta, but the settings page says to contact support. Rolling out to 94 new seats is on hold until SSO works. Thanks in advance.

Steps to reproduce:
1. Open the Pipeline dashboard.
2. Set the range to ""Last 30 days"".
3. Compare the total with the source system.",Admin,ACC-022
1393,2026-07-30 23:53:59,Enable SAML for our workspace,"Hello, We want to enable SSO with Okta, but the settings page says to contact support. Our IT team expected to configure SAML themselves, the same way they do for other tools. Is there documentation for the SAML attributes you expect? Rolling out to 351 new seats is on hold until SSO works. Thanks!",End user,ACC-001
1394,2026-09-03 06:23:15,Need team-level permissions,Our procurement team said this is a deal breaker for the renewal. We need to restrict the Pipeline dashboard to the finance team only. Can admins create groups and share a folder with a group instead of with each person?,End user,ACC-007
1395,2026-06-10 00:38:39,Restrict dashboards by team,"Hi there. Right now anyone in the workspace can see salary data, which our security review flagged. Our procurement team said this is a deal breaker for the renewal.",Admin,ACC-016
1396,2026-06-08 22:50:48,PNG export is blurry,Quick question. An SVG or high-resolution export would fix most of this. I rebuild the same 4 charts in PowerPoint every month for the board deck. Any update would help.,Executive,ACC-047
1397,2026-07-07 21:45:09,Restrict dashboards by team,"Hello, Can admins create groups and share a folder with a group instead of with each person? Right now anyone in the workspace can see salary data, which our security review flagged. Our procurement team said this is a deal breaker for the renewal. Any update would help.",Admin,ACC-037
1398,2026-07-24 05:41:53,Invoice higher than expected,"Quick question. Finance wants a way to set a spending cap before the renewal conversation. Our invoice this month was 16% higher than last month, and nobody on our side changed anything. Please send a breakdown of the query volume by team. I cannot find a usage breakdown that explains the overage. Thanks!",Buyer,ACC-033
1399,2026-07-29 13:02:51,Have to remap columns every time,"Hi there. Every time we import the weekly export, we have to map all 36 columns again. The mapping from last week is gone, even though the file has exactly the same headers. Any update would help.",End user,ACC-018
1400,2026-06-14 01:40:36,Okta integration help,"Quick question. Rolling out to 153 new seats is on hold until SSO works. We want to enable SSO with Okta, but the settings page says to contact support. Thanks in advance.",Admin,
1401,2026-06-07 21:07:38,Invoice higher than expected,"Hi team, Finance wants a way to set a spending cap before the renewal conversation. I cannot find a usage breakdown that explains the overage. Please send a breakdown of the query volume by team. Our invoice this month was 13% higher than last month, and nobody on our side changed anything. Please advise.

Steps to reproduce:
1. Open the Churn dashboard.
2. Set the range to ""Last 30 days"".
3. Compare the total with the source system.",Buyer,ACC-025
1402,2026-07-12 21:06:05,Mapping not saved,"Quick question. Our ops lead spends about 30 minutes per upload just clicking through the mapping screen. Every time we import the weekly export, we have to map all 22 columns again. Please advise.",Admin,ACC-020
1403,2026-09-13 17:28:09,Unexpected overage charge,"Our invoice this month was 17% higher than last month, and nobody on our side changed anything. Finance wants a way to set a spending cap before the renewal conversation. Thanks!",Admin,ACC-007
1404,2026-07-23 00:10:33,CSV import failed,"Following up on last week. I uploaded a CSV with 3200 rows and only part of it came through, with no error message. If a row is malformed, please tell us which one, instead of silently dropping it. We had to split the file into smaller chunks by hand, which took most of the afternoon. The importer says ""Upload complete"", but half of the rows are missing from the table.",End user,ACC-017
1405,2026-07-22 20:32:30,Import stuck at 0%,"Following up on last week. We had to split the file into smaller chunks by hand, which took most of the afternoon. The importer says ""Upload complete"", but half of the rows are missing from the table. If a row is malformed, please tell us which one, instead of silently dropping it. This blocks our weekly reporting, because the numbers are incomplete until someone notices. Thanks in advance.",Executive,ACC-045
1406,2026-07-18 22:00:07,Export to PowerPoint loses formatting,"Following up on last week. When I export a chart to slides, the colors reset and the axis labels overlap. An SVG or high-resolution export would fix most of this. I rebuild the same 14 charts in PowerPoint every month for the board deck.",Buyer,ACC-051
1407,2026-06-19 11:29:39,Unexpected overage charge,"Hi team, Our invoice this month was 4% higher than last month, and nobody on our side changed anything. Finance wants a way to set a spending cap before the renewal conversation. I cannot find a usage breakdown that explains the overage. Any update would help.",End user,ACC-016
1408,2026-09-01 12:46:23,Dashboard totals are wrong,"Hi team, Our finance team caught the mismatch during the monthly close, and now they do not trust any of the numbers. I have to screenshot the source system next to yours in every exec review to prove the figure is right. Is there a way to see which rows make up a total, so we can reconcile it ourselves? Please advise.",Executive,ACC-047
1409,2026-07-24 08:50:45,SSO setup,"Is there documentation for the SAML attributes you expect? We want to enable SSO with Okta, but the settings page says to contact support. Our IT team expected to configure SAML themselves, the same way they do for other tools. Thanks in advance.",End user,ACC-047
1410,2026-07-05 11:02:14,SSO setup,"Rolling out to 181 new seats is on hold until SSO works. Is there documentation for the SAML attributes you expect? We want to enable SSO with Okta, but the settings page says to contact support. Our IT team expected to configure SAML themselves, the same way they do for other tools. Any update would help.

Steps to reproduce:
1. Open the Churn dashboard.
2. Set the range to ""Last 30 days"".
3. Compare the total with the source system.",Buyer,ACC-024
1411,2026-06-21 02:31:24,Import stuck at 0%,"Quick question. If a row is malformed, please tell us which one, instead of silently dropping it. I uploaded a CSV with 5000 rows and only part of it came through, with no error message. The importer says ""Upload complete"", but half of the rows are missing from the table. Any update would help.",Admin,
1412,2026-07-13 00:12:19,Invoice higher than expected,"Following up on last week. Finance wants a way to set a spending cap before the renewal conversation. Our invoice this month was 13% higher than last month, and nobody on our side changed anything. I cannot find a usage breakdown that explains the overage. Thanks!",Executive,ACC-049
1413,2026-07-14 04:19:15,CSV import failed,"Hi there. If a row is malformed, please tell us which one, instead of silently dropping it. I uploaded a CSV with 9300 rows and only part of it came through, with no error message. Please advise.",Admin,ACC-025
1414,2026-06-07 01:25:56,Stale data on the home dashboard,"Hello, Our execs asked twice this week whether the data was current. Yesterday the numbers looked stale for a few hours, and nobody knew whether the sync was still running. Thanks in advance.",Admin,ACC-023
1415,2026-06-20 06:44:56,Revenue chart off by a few percent,"Hello, Our finance team caught the mismatch during the monthly close, and now they do not trust any of the numbers. I have to screenshot the source system next to yours in every exec review to prove the figure is right. We filtered both systems to the same date range, and the totals still differ. Thanks!",End user,ACC-001
1416,2026-06-05 11:34:13,Upload rejected with no reason,"Hi there. We had to split the file into smaller chunks by hand, which took most of the afternoon. The importer says ""Upload complete"", but half of the rows are missing from the table. I uploaded a CSV with 9000 rows and only part of it came through, with no error message. If a row is malformed, please tell us which one, instead of silently dropping it. Please advise.",Admin,ACC-034
1417,2026-09-01 12:30:56,PNG export is blurry,"The PNG export is blurry on a projector, so we take screenshots instead. I rebuild the same 6 charts in PowerPoint every month for the board deck. When I export a chart to slides, the colors reset and the axis labels overlap. An SVG or high-resolution export would fix most of this. Any update would help.",Buyer,ACC-036
1418,2026-06-01 10:22:44,SSO setup,"We want to enable SSO with Okta, but the settings page says to contact support. Rolling out to 271 new seats is on hold until SSO works. Loop in our billing contact, billing@northwind-analytics.com, on the reply. Please advise.",Buyer,ACC-007
1419,2026-09-02 15:12:20,Charts break in slides,"I rebuild the same 15 charts in PowerPoint every month for the board deck. An SVG or high-resolution export would fix most of this. The PNG export is blurry on a projector, so we take screenshots instead.

Steps to reproduce:
1. Open the Marketing Funnel dashboard.
2. Set the range to ""Last 30 days"".
3. Compare the total with the source system.",Executive,ACC-012
1420,2026-09-13 12:04:23,Access control request,"Quick question. We need to restrict the Revenue dashboard to the finance team only. Right now anyone in the workspace can see salary data, which our security review flagged. Our procurement team said this is a deal breaker for the renewal. Can admins create groups and share a folder with a group instead of with each person? Please advise.",Buyer,ACC-035
1421,2026-08-11 02:48:01,Upload rejected with no reason,"Hi there. We had to split the file into smaller chunks by hand, which took most of the afternoon. This blocks our weekly reporting, because the numbers are incomplete until someone notices. I uploaded a CSV with 9800 rows and only part of it came through, with no error message. The importer says ""Upload complete"", but half of the rows are missing from the table. Any update would help.",Buyer,ACC-037
1422,2026-07-11 02:26:33,Field mapping lost,"Quick question. Every time we import the weekly export, we have to map all 35 columns again. Could the app remember the mapping for a file with the same columns? Any update would help.",Buyer,ACC-029
1423,2026-06-30 13:44:36,Numbers don't match Salesforce,"Following up on last week. Our finance team caught the mismatch during the monthly close, and now they do not trust any of the numbers. Is there a way to see which rows make up a total, so we can reconcile it ourselves? Thanks!",Executive,ACC-014
1424,2026-09-15 09:54:30,When was this data refreshed?,"Quick question. I can't tell when the Weekly KPIs dashboard last refreshed, so I don't know if it includes today's orders. Our execs asked twice this week whether the data was current. Yesterday the numbers looked stale for a few hours, and nobody knew whether the sync was still running. Thanks!",Admin,ACC-025
1425,2026-07-25 23:03:26,Access control request,"Hello, We need to restrict the Executive Summary dashboard to the finance team only. Right now anyone in the workspace can see salary data, which our security review flagged. Can admins create groups and share a folder with a group instead of with each person? Our procurement team said this is a deal breaker for the renewal. Thanks in advance.",End user,ACC-039
1426,2026-07-27 15:04:05,Charts break in slides,"Following up on last week. I rebuild the same 12 charts in PowerPoint every month for the board deck. When I export a chart to slides, the colors reset and the axis labels overlap. An SVG or high-resolution export would fix most of this. The PNG export is blurry on a projector, so we take screenshots instead. Any update would help.",Admin,ACC-020
1427,2026-07-22 17:14:23,SSO setup,"Hi there. Rolling out to 403 new seats is on hold until SSO works. Our IT team expected to configure SAML themselves, the same way they do for other tools. We want to enable SSO with Okta, but the settings page says to contact support. Is there documentation for the SAML attributes you expect? Thanks!",End user,ACC-018
1428,2026-08-08 02:33:24,Access control request,"Following up on last week. We need to restrict the Marketing Funnel dashboard to the finance team only. Our procurement team said this is a deal breaker for the renewal. Can admins create groups and share a folder with a group instead of with each person? Right now anyone in the workspace can see salary data, which our security review flagged.

Steps to reproduce:
1. Open the Marketing Funnel dashboard.
2. Set the range to ""Last 30 days"".
3. Compare the total with the source system.",End user,ACC-024
1429,2026-08-10 05:36:34,Revenue chart off by a few percent,"Hello, The revenue total on our Pipeline dashboard is about 4% lower than what Salesforce shows for the same period. Our finance team caught the mismatch during the monthly close, and now they do not trust any of the numbers.",Admin,ACC-041
1430,2026-08-24 05:08:18,Numbers don't match Salesforce,"We filtered both systems to the same date range, and the totals still differ. The revenue total on our Weekly KPIs dashboard is about 20% lower than what Salesforce shows for the same period. I have to screenshot the source system next to yours in every exec review to prove the figure is right. Our finance team caught the mismatch during the monthly close, and now they do not trust any of the numbers. Thanks in advance.",End user,
1431,2026-08-29 11:45:45,Import stuck at 0%,"Hi there. We had to split the file into smaller chunks by hand, which took most of the afternoon. This blocks our weekly reporting, because the numbers are incomplete until someone notices. Any update would help.",Buyer,ACC-031
1432,2026-07-20 10:49:52,Invoice higher than expected,"Hi team, Please send a breakdown of the query volume by team. Our invoice this month was 20% higher than last month, and nobody on our side changed anything. Any update would help.",Buyer,ACC-034
1433,2026-08-21 08:39:28,Have to remap columns every time,"Hi there. Every time we import the weekly export, we have to map all 17 columns again. The mapping from last week is gone, even though the file has exactly the same headers. Could the app remember the mapping for a file with the same columns? Our ops lead spends about 51 minutes per upload just clicking through the mapping screen.",End user,ACC-055
1434,2026-08-23 08:47:47,Revenue chart off by a few percent,"Following up on last week. Is there a way to see which rows make up a total, so we can reconcile it ourselves? I have to screenshot the source system next to yours in every exec review to prove the figure is right. We filtered both systems to the same date range, and the totals still differ. The revenue total on our Executive Summary dashboard is about 18% lower than what Salesforce shows for the same period.",Executive,ACC-035
1435,2026-09-13 14:00:25,Import stuck at 0%,"Hi team, We had to split the file into smaller chunks by hand, which took most of the afternoon. The importer says ""Upload complete"", but half of the rows are missing from the table. I uploaded a CSV with 7300 rows and only part of it came through, with no error message. If a row is malformed, please tell us which one, instead of silently dropping it. Thanks in advance.",Executive,ACC-026
1436,2026-06-25 01:37:50,Stale data on the home dashboard,"Following up on last week. Yesterday the numbers looked stale for a few hours, and nobody knew whether the sync was still running. Our execs asked twice this week whether the data was current. I can't tell when the Marketing Funnel dashboard last refreshed, so I don't know if it includes today's orders. A simple ""last updated"" timestamp on each chart would save us a lot of back and forth. Any update would help.",End user,ACC-002
1437,2026-07-24 17:04:02,Upload rejected with no reason,"The importer says ""Upload complete"", but half of the rows are missing from the table. This blocks our weekly reporting, because the numbers are incomplete until someone notices. Please advise.

Steps to reproduce:
1. Open the Executive Summary dashboard.
2. Set the range to ""Last 30 days"".
3. Compare the total with the source system.",End user,ACC-046
1438,2026-06-03 10:28:19,Sync status unclear,"Hi team, Yesterday the numbers looked stale for a few hours, and nobody knew whether the sync was still running. A simple ""last updated"" timestamp on each chart would save us a lot of back and forth. I can't tell when the Revenue dashboard last refreshed, so I don't know if it includes today's orders. Our execs asked twice this week whether the data was current. Any update would help.",End user,ACC-059
1439,2026-06-22 01:06:19,Sync status unclear,"Following up on last week. I can't tell when the Executive Summary dashboard last refreshed, so I don't know if it includes today's orders. A simple ""last updated"" timestamp on each chart would save us a lot of back and forth. Yesterday the numbers looked stale for a few hours, and nobody knew whether the sync was still running. Any update would help.",Admin,ACC-046
1440,2026-08-11 10:15:30,Field mapping lost,"Could the app remember the mapping for a file with the same columns? Every time we import the weekly export, we have to map all 26 columns again. Our ops lead spends about 14 minutes per upload just clicking through the mapping screen. The mapping from last week is gone, even though the file has exactly the same headers.",Buyer,ACC-038
1441,2026-08-16 03:48:30,Import stuck at 0%,"Hi team, This blocks our weekly reporting, because the numbers are incomplete until someone notices. If a row is malformed, please tell us which one, instead of silently dropping it. We had to split the file into smaller chunks by hand, which took most of the afternoon. I uploaded a CSV with 1000 rows and only part of it came through, with no error message. Any update would help.",Admin,ACC-023
1442,2026-07-14 05:51:10,Upload rejected with no reason,"Quick question. I uploaded a CSV with 8200 rows and only part of it came through, with no error message. If a row is malformed, please tell us which one, instead of silently dropping it. This blocks our weekly reporting, because the numbers are incomplete until someone notices.",Admin,ACC-014
1443,2026-09-04 20:51:33,Sync status unclear,"Hello, Our execs asked twice this week whether the data was current. A simple ""last updated"" timestamp on each chart would save us a lot of back and forth. Yesterday the numbers looked stale for a few hours, and nobody knew whether the sync was still running.",End user,ACC-033
1444,2026-06-20 16:40:29,SSO setup,"Quick question. We want to enable SSO with Okta, but the settings page says to contact support. Our IT team expected to configure SAML themselves, the same way they do for other tools. Is there documentation for the SAML attributes you expect? Thanks!",End user,ACC-025
1445,2026-06-09 20:45:57,Revenue chart off by a few percent,"Following up on last week. We filtered both systems to the same date range, and the totals still differ. Is there a way to see which rows make up a total, so we can reconcile it ourselves? I have to screenshot the source system next to yours in every exec review to prove the figure is right.",Executive,ACC-026
1446,2026-08-10 03:39:18,Enable SAML for our workspace,"Hi there. Is there documentation for the SAML attributes you expect? Our IT team expected to configure SAML themselves, the same way they do for other tools. Rolling out to 95 new seats is on hold until SSO works. Please advise.

Steps to reproduce:
1. Open the Marketing Funnel dashboard.
2. Set the range to ""Last 30 days"".
3. Compare the total with the source system.",Executive,ACC-050
1447,2026-06-18 16:02:49,Numbers don't match Salesforce,"Following up on last week. I have to screenshot the source system next to yours in every exec review to prove the figure is right. Our finance team caught the mismatch during the monthly close, and now they do not trust any of the numbers. We filtered both systems to the same date range, and the totals still differ. Is there a way to see which rows make up a total, so we can reconcile it ourselves? Thanks!",Executive,ACC-058
1448,2026-07-26 08:12:02,Dashboard totals are wrong,"Hi team, I have to screenshot the source system next to yours in every exec review to prove the figure is right. Our finance team caught the mismatch during the monthly close, and now they do not trust any of the numbers. Is there a way to see which rows make up a total, so we can reconcile it ourselves?",End user,ACC-003
1449,2026-06-08 03:29:19,Charts break in slides,"An SVG or high-resolution export would fix most of this. I rebuild the same 5 charts in PowerPoint every month for the board deck. When I export a chart to slides, the colors reset and the axis labels overlap. Please advise.",Admin,
1450,2026-08-16 19:04:13,Stale data on the home dashboard,"Quick question. Our execs asked twice this week whether the data was current. A simple ""last updated"" timestamp on each chart would save us a lot of back and forth. Please advise.",End user,
1451,2026-06-14 01:05:51,Okta integration help,"Hi there. Our IT team expected to configure SAML themselves, the same way they do for other tools. Is there documentation for the SAML attributes you expect? We want to enable SSO with Okta, but the settings page says to contact support. Thanks in advance.",Admin,ACC-034
1452,2026-09-16 05:25:14,Invoice higher than expected,"Following up on last week. Finance wants a way to set a spending cap before the renewal conversation. Please send a breakdown of the query volume by team. Our invoice this month was 5% higher than last month, and nobody on our side changed anything. Any update would help.",End user,ACC-007
1453,2026-06-21 10:54:51,Unexpected overage charge,"Quick question. Please send a breakdown of the query volume by team. Our invoice this month was 3% higher than last month, and nobody on our side changed anything. Finance wants a way to set a spending cap before the renewal conversation. I cannot find a usage breakdown that explains the overage.",End user,
1454,2026-06-28 08:13:31,SSO setup,"Our IT team expected to configure SAML themselves, the same way they do for other tools. We want to enable SSO with Okta, but the settings page says to contact support.",End user,ACC-020
1455,2026-07-02 17:20:03,CSV import failed,"Hi team, We had to split the file into smaller chunks by hand, which took most of the afternoon. I uploaded a CSV with 3300 rows and only part of it came through, with no error message. If a row is malformed, please tell us which one, instead of silently dropping it. This blocks our weekly reporting, because the numbers are incomplete until someone notices.

Steps to reproduce:
1. Open the Pipeline dashboard.
2. Set the range to ""Last 30 days"".
3. Compare the total with the source system.",Admin,ACC-028
1456,2026-08-10 18:48:39,Numbers don't match Salesforce,"Is there a way to see which rows make up a total, so we can reconcile it ourselves? I have to screenshot the source system next to yours in every exec review to prove the figure is right. We filtered both systems to the same date range, and the totals still differ. The revenue total on our Marketing Funnel dashboard is about 18% lower than what Salesforce shows for the same period. Thanks in advance.",End user,ACC-020
1457,2026-09-15 16:14:40,Invoice higher than expected,"Following up on last week. Our invoice this month was 7% higher than last month, and nobody on our side changed anything. Finance wants a way to set a spending cap before the renewal conversation. Please send a breakdown of the query volume by team. Thanks!",End user,ACC-020
1458,2026-07-19 07:26:55,Usage bill question,"Hello, Please send a breakdown of the query volume by team. Our invoice this month was 5% higher than last month, and nobody on our side changed anything. Finance wants a way to set a spending cap before the renewal conversation. I cannot find a usage breakdown that explains the overage. Thanks!",Admin,ACC-006
1459,2026-07-29 02:19:49,CSV import failed,"Hello, I uploaded a CSV with 4100 rows and only part of it came through, with no error message. If a row is malformed, please tell us which one, instead of silently dropping it. The importer says ""Upload complete"", but half of the rows are missing from the table. We had to split the file into smaller chunks by hand, which took most of the afternoon. Loop in our billing contact, billing@northwind-analytics.com, on the reply. Thanks in advance.",Buyer,ACC-051
1460,2026-08-26 21:05:49,Have to remap columns every time,"Could the app remember the mapping for a file with the same columns? Every time we import the weekly export, we have to map all 17 columns again. Any update would help.",End user,ACC-005
1461,2026-06-23 09:28:54,Mapping not saved,Quick question. Could the app remember the mapping for a file with the same columns? Our ops lead spends about 16 minutes per upload just clicking through the mapping screen.,End user,ACC-007
1462,2026-08-22 09:49:03,Invoice higher than expected,"Hi there. Please send a breakdown of the query volume by team. Finance wants a way to set a spending cap before the renewal conversation. I cannot find a usage breakdown that explains the overage. Our invoice this month was 13% higher than last month, and nobody on our side changed anything. Thanks in advance.",End user,ACC-052
1463,2026-08-13 19:34:45,Dashboard totals are wrong,"Quick question. We filtered both systems to the same date range, and the totals still differ. The revenue total on our Pipeline dashboard is about 7% lower than what Salesforce shows for the same period. Our finance team caught the mismatch during the monthly close, and now they do not trust any of the numbers. Is there a way to see which rows make up a total, so we can reconcile it ourselves?",Admin,ACC-011
1464,2026-09-15 07:57:54,Sync status unclear,"Quick question. Our execs asked twice this week whether the data was current. Yesterday the numbers looked stale for a few hours, and nobody knew whether the sync was still running. Please advise.

Steps to reproduce:
1. Open the Churn dashboard.
2. Set the range to ""Last 30 days"".
3. Compare the total with the source system.",End user,ACC-045
1465,2026-06-04 21:00:40,Dashboard totals are wrong,"Hello, Is there a way to see which rows make up a total, so we can reconcile it ourselves? Our finance team caught the mismatch during the monthly close, and now they do not trust any of the numbers. Please advise.",End user,ACC-050
1466,2026-09-04 19:27:16,Stale data on the home dashboard,"Hi team, Our execs asked twice this week whether the data was current. Yesterday the numbers looked stale for a few hours, and nobody knew whether the sync was still running. A simple ""last updated"" timestamp on each chart would save us a lot of back and forth. Thanks!",Admin,ACC-032
1467,2026-06-13 04:21:31,Field mapping lost,"Hello, Could the app remember the mapping for a file with the same columns? Every time we import the weekly export, we have to map all 26 columns again. The mapping from last week is gone, even though the file has exactly the same headers. Our ops lead spends about 21 minutes per upload just clicking through the mapping screen. Please advise.",End user,ACC-031
1468,2026-06-04 17:47:13,PNG export is blurry,"Hello, I rebuild the same 12 charts in PowerPoint every month for the board deck. When I export a chart to slides, the colors reset and the axis labels overlap.",Buyer,ACC-033
1469,2026-08-20 02:08:30,SSO setup,"Quick question. Is there documentation for the SAML attributes you expect? Our IT team expected to configure SAML themselves, the same way they do for other tools. Thanks!",End user,ACC-059
1470,2026-09-09 02:24:55,SSO setup,"Hi team, We want to enable SSO with Okta, but the settings page says to contact support. Our IT team expected to configure SAML themselves, the same way they do for other tools. Rolling out to 94 new seats is on hold until SSO works. Any update would help.",Admin,ACC-054
1471,2026-07-30 21:48:57,Okta integration help,"Following up on last week. Is there documentation for the SAML attributes you expect? We want to enable SSO with Okta, but the settings page says to contact support. Our IT team expected to configure SAML themselves, the same way they do for other tools. Rolling out to 339 new seats is on hold until SSO works.",End user,ACC-030
1472,2026-09-07 00:20:05,SSO setup,"Hello, Is there documentation for the SAML attributes you expect? Rolling out to 132 new seats is on hold until SSO works. We want to enable SSO with Okta, but the settings page says to contact support. Our IT team expected to configure SAML themselves, the same way they do for other tools. Thanks!",Admin,ACC-054
1473,2026-08-21 23:19:32,Charts break in slides,"Hi there. The PNG export is blurry on a projector, so we take screenshots instead. I rebuild the same 4 charts in PowerPoint every month for the board deck. An SVG or high-resolution export would fix most of this. When I export a chart to slides, the colors reset and the axis labels overlap. Thanks!

Steps to reproduce:
1. Open the Marketing Funnel dashboard.
2. Set the range to ""Last 30 days"".
3. Compare the total with the source system.",End user,ACC-034
1474,2026-09-08 06:32:39,Numbers don't match Salesforce,"Hi team, The revenue total on our Revenue dashboard is about 11% lower than what Salesforce shows for the same period. Our finance team caught the mismatch during the monthly close, and now they do not trust any of the numbers. Thanks in advance.",End user,ACC-039
1475,2026-09-20 01:16:59,Invoice higher than expected,"Hello, I cannot find a usage breakdown that explains the overage. Finance wants a way to set a spending cap before the renewal conversation. Our invoice this month was 18% higher than last month, and nobody on our side changed anything. Please send a breakdown of the query volume by team. Thanks!",End user,ACC-007
1476,2026-08-06 15:06:46,PNG export is blurry,"Following up on last week. An SVG or high-resolution export would fix most of this. When I export a chart to slides, the colors reset and the axis labels overlap. I rebuild the same 14 charts in PowerPoint every month for the board deck. Thanks in advance.",Admin,ACC-002
1477,2026-08-07 06:14:11,Stale data on the home dashboard,"Yesterday the numbers looked stale for a few hours, and nobody knew whether the sync was still running. Our execs asked twice this week whether the data was current. A simple ""last updated"" timestamp on each chart would save us a lot of back and forth. Any update would help.",Admin,ACC-038
1478,2026-07-24 05:53:58,Sync status unclear,"Following up on last week. Yesterday the numbers looked stale for a few hours, and nobody knew whether the sync was still running. A simple ""last updated"" timestamp on each chart would save us a lot of back and forth. Please advise.",Admin,ACC-033
1479,2026-07-01 03:53:45,Charts break in slides,"Quick question. I rebuild the same 7 charts in PowerPoint every month for the board deck. When I export a chart to slides, the colors reset and the axis labels overlap. Any update would help.",Executive,ACC-043
1480,2026-09-11 02:38:50,Revenue chart off by a few percent,"Hello, We filtered both systems to the same date range, and the totals still differ. Our finance team caught the mismatch during the monthly close, and now they do not trust any of the numbers. I have to screenshot the source system next to yours in every exec review to prove the figure is right. Is there a way to see which rows make up a total, so we can reconcile it ourselves? Thanks in advance.",Buyer,
1481,2026-06-13 11:46:04,Export to PowerPoint loses formatting,"Quick question. When I export a chart to slides, the colors reset and the axis labels overlap. An SVG or high-resolution export would fix most of this. Please advise.",Admin,ACC-043
1482,2026-06-17 09:46:39,Upload rejected with no reason,"Quick question. This blocks our weekly reporting, because the numbers are incomplete until someone notices. If a row is malformed, please tell us which one, instead of silently dropping it. We had to split the file into smaller chunks by hand, which took most of the afternoon. Thanks in advance.

Steps to reproduce:
1. Open the Weekly KPIs dashboard.
2. Set the range to ""Last 30 days"".
3. Compare the total with the source system.",Executive,ACC-018
1483,2026-06-09 16:44:44,Sync status unclear,"Quick question. A simple ""last updated"" timestamp on each chart would save us a lot of back and forth. I can't tell when the Executive Summary dashboard last refreshed, so I don't know if it includes today's orders. Any update would help.",End user,ACC-018
1484,2026-07-24 05:21:45,Unexpected overage charge,"Following up on last week. I cannot find a usage breakdown that explains the overage. Finance wants a way to set a spending cap before the renewal conversation. Our invoice this month was 16% higher than last month, and nobody on our side changed anything. Please send a breakdown of the query volume by team. Please advise.",Executive,
1485,2026-07-03 07:09:15,PNG export is blurry,"Hello, The PNG export is blurry on a projector, so we take screenshots instead. When I export a chart to slides, the colors reset and the axis labels overlap. Please advise.",End user,ACC-048
1486,2026-07-08 13:27:18,Access control request,"Hi team, We need to restrict the Executive Summary dashboard to the finance team only. Can admins create groups and share a folder with a group instead of with each person?",Buyer,ACC-002
1487,2026-07-04 13:08:22,Sync status unclear,"Following up on last week. I can't tell when the Pipeline dashboard last refreshed, so I don't know if it includes today's orders. Our execs asked twice this week whether the data was current. Please advise.",End user,ACC-060
1488,2026-07-29 12:59:03,Numbers don't match Salesforce,"Hi team, I have to screenshot the source system next to yours in every exec review to prove the figure is right. We filtered both systems to the same date range, and the totals still differ. Thanks in advance.",End user,ACC-047
1489,2026-06-08 16:27:08,Sync status unclear,"Hello, I can't tell when the Revenue dashboard last refreshed, so I don't know if it includes today's orders. Our execs asked twice this week whether the data was current. A simple ""last updated"" timestamp on each chart would save us a lot of back and forth. Yesterday the numbers looked stale for a few hours, and nobody knew whether the sync was still running. Thanks in advance.",Buyer,ACC-039
1490,2026-08-11 18:04:55,Stale data on the home dashboard,"Hi there. Our execs asked twice this week whether the data was current. A simple ""last updated"" timestamp on each chart would save us a lot of back and forth. Yesterday the numbers looked stale for a few hours, and nobody knew whether the sync was still running. I can't tell when the Revenue dashboard last refreshed, so I don't know if it includes today's orders.",Buyer,
1491,2026-07-20 06:58:22,Mapping not saved,"Every time we import the weekly export, we have to map all 12 columns again. The mapping from last week is gone, even though the file has exactly the same headers. Could the app remember the mapping for a file with the same columns?

Steps to reproduce:
1. Open the Marketing Funnel dashboard.
2. Set the range to ""Last 30 days"".
3. Compare the total with the source system.",End user,ACC-023
1492,2026-08-21 04:11:53,Have to remap columns every time,Hi there. Could the app remember the mapping for a file with the same columns? Our ops lead spends about 52 minutes per upload just clicking through the mapping screen. Thanks in advance.,Admin,ACC-023
1493,2026-07-29 15:27:13,Upload rejected with no reason,"Quick question. If a row is malformed, please tell us which one, instead of silently dropping it. The importer says ""Upload complete"", but half of the rows are missing from the table. Any update would help.",End user,ACC-047
1494,2026-07-10 13:17:54,SSO setup,"Hi team, We want to enable SSO with Okta, but the settings page says to contact support. Rolling out to 286 new seats is on hold until SSO works. Is there documentation for the SAML attributes you expect? Please advise.",Buyer,ACC-048
1495,2026-08-24 23:10:24,CSV import failed,"Hello, The importer says ""Upload complete"", but half of the rows are missing from the table. If a row is malformed, please tell us which one, instead of silently dropping it. We had to split the file into smaller chunks by hand, which took most of the afternoon. Any update would help.",Executive,ACC-011
1496,2026-09-13 04:33:22,Export to PowerPoint loses formatting,"Quick question. When I export a chart to slides, the colors reset and the axis labels overlap. The PNG export is blurry on a projector, so we take screenshots instead. Any update would help.",Admin,ACC-032
1497,2026-08-30 19:40:22,CSV import failed,"Quick question. If a row is malformed, please tell us which one, instead of silently dropping it. We had to split the file into smaller chunks by hand, which took most of the afternoon. I uploaded a CSV with 4200 rows and only part of it came through, with no error message. Thanks!",Admin,ACC-029
1498,2026-08-17 16:01:51,Numbers don't match Salesforce,"Quick question. We filtered both systems to the same date range, and the totals still differ. The revenue total on our Churn dashboard is about 10% lower than what Salesforce shows for the same period. Is there a way to see which rows make up a total, so we can reconcile it ourselves? Our finance team caught the mismatch during the monthly close, and now they do not trust any of the numbers. Thanks!",End user,ACC-034
1499,2026-06-14 00:13:00,Mapping not saved,"Hi there. Could the app remember the mapping for a file with the same columns? Our ops lead spends about 11 minutes per upload just clicking through the mapping screen. Every time we import the weekly export, we have to map all 19 columns again. Please advise.",End user,ACC-045
1500,2026-09-17 23:25:28,When was this data refreshed?,"Following up on last week. Yesterday the numbers looked stale for a few hours, and nobody knew whether the sync was still running. I can't tell when the Churn dashboard last refreshed, so I don't know if it includes today's orders. A simple ""last updated"" timestamp on each chart would save us a lot of back and forth. Loop in our billing contact, billing@northwind-analytics.com, on the reply. Thanks in advance.

Steps to reproduce:
1. Open the Marketing Funnel dashboard.
2. Set the range to ""Last 30 days"".
3. Compare the total with the source system.",Admin,ACC-003
